Top pages,Clicks,Impressions,CTR,Position
https://oilslickpad.com/,935,102807,0.91%,6.97
https://oilslickpad.com/collections/silicone-pipes,833,96441,0.86%,35.98
https://oilslickpad.com/products/oil-slickr-paper-for-rosin-and-storage,401,31144,1.29%,30.14
https://oilslickpad.com/collections/dabbing,373,33483,1.11%,20.01
https://oilslickpad.com/blogs/news/how-to-clean-a-silicone-bong-in-3-easy-steps,330,44444,0.74%,12.76
https://oilslickpad.com/collections/concentrate-jars,304,66046,0.46%,21.66
https://oilslickpad.com/collections/parchment-papers,304,17889,1.7%,11.83
https://oilslickpad.com/products/slickr-stack,184,6677,2.76%,9.13
https://oilslickpad.com/collections/glass-jars-extract-packaging,164,14651,1.12%,13.52
https://oilslickpad.com/products/kirby-hand-pipe,154,5259,2.93%,3.37
https://oilslickpad.com/blogs/news/clean-your-silicone-bong-easily,147,14209,1.03%,19.67
https://oilslickpad.com/products/crocodile-water-pipe,135,3864,3.49%,5
https://oilslickpad.com/products/oil-slickr-sheet-ptfe,128,10462,1.22%,22.03
https://oilslickpad.com/blogs/news/whats-the-best-concentrate-jar,106,16540,0.64%,16.91
https://oilslickpad.com/collections/silicone-smoking-devices,104,9507,1.09%,29.92
https://oilslickpad.com/collections/non-stick-containers,103,13758,0.75%,17.61
https://oilslickpad.com/blogs/news/best-silicone-bongs-buyer-s-guide,98,8383,1.17%,32.03
https://oilslickpad.com/products/slimer-ghost-waterpipe,98,1559,6.29%,4.58
https://oilslickpad.com/products/totoro-water-pipe,97,1859,5.22%,5.75
https://oilslickpad.com/products/oil-slickr-wrap-foil-backed-parchment-with-waterproof-membrane,85,6855,1.24%,12.65
https://oilslickpad.com/blogs/news/smell-proof-cannabis-storage-guide-2025-best-picks,83,5836,1.42%,7.18
https://oilslickpad.com/collections/rosin-extraction,80,5999,1.33%,7.66
https://oilslickpad.com/products/oil-slickr-shield,79,4278,1.85%,28.49
https://oilslickpad.com/blogs/news/preserving-potency-how-cannabis-extract-jars-revolutionize-storage-and-preservation,78,10981,0.71%,28.64
https://oilslickpad.com/blogs/news/silicone-mats-for-dabs-the-perfect-solution-for-cooking-and-cannabis,64,3055,2.09%,11.2
https://oilslickpad.com/products/stitchaboo-water-pipe,55,2749,2%,10.39
https://oilslickpad.com/collections/silicone-glass-hybrid-rigs-and-bubblers,53,3391,1.56%,29.65
https://oilslickpad.com/products/slick-clear-fep-sheets,51,14096,0.36%,12.83
https://oilslickpad.com/collections/non-stick-paper-and-ptfe,51,10665,0.48%,10.51
https://oilslickpad.com/blogs/news/ptfe-in-cannabis-the-game-changer-for-packaging-extraction,50,1405,3.56%,4.91
https://oilslickpad.com/collections/dabbing/extra-large,49,1215,4.03%,11.2
https://oilslickpad.com/collections/nectar-collectors,48,4014,1.2%,57.14
https://oilslickpad.com/products/slick-pad,47,5122,0.92%,8.81
https://oilslickpad.com/blogs/news/discover-the-ultimate-w3-electric-nectar-collector-experience,45,6367,0.71%,47.12
https://oilslickpad.com/blogs/news/how-to-use-a-nectar-collector-for-dabs-best-guide,44,11341,0.39%,30.83
https://oilslickpad.com/products/1ml-glass-syringe,44,8544,0.51%,38.24
https://oilslickpad.com/products/slick-slab,44,1611,2.73%,8.94
https://oilslickpad.com/blogs/news/best-2025-smell-proof-portable-dab-rig-travel-cases,44,1156,3.81%,9.15
https://oilslickpad.com/collections/top-selling-silicone-rigs/dab-rig,42,7355,0.57%,30.89
https://oilslickpad.com/blogs/news/beyond-baking-exploring-the-versatility-of-silicone-pads-in-the-cannabis-world,42,1883,2.23%,7.49
https://oilslickpad.com/products/mini-bubble-carb-cap,41,4888,0.84%,44.74
https://oilslickpad.com/collections/silicone-pipes/titanium-tip,41,4852,0.85%,41.77
https://oilslickpad.com/products/7ml-screw-top-jars-with-black-lids,37,4882,0.76%,25.39
https://oilslickpad.com/collections/silicone-pipes/animal,36,2758,1.31%,42.24
https://oilslickpad.com/products/custom-printed-stickers-for-jars,35,5065,0.69%,52.35
https://oilslickpad.com/blogs/news/the-ultimate-guide-to-reclaim-carcinogens-cooking-and-high-thca-content,31,6463,0.48%,18.93
https://oilslickpad.com/blogs/news/all-about-oil-slick-paper,31,1449,2.14%,10.06
https://oilslickpad.com/products/5ml-round-bottom-child-resistant-jar-with-black-lids,30,4641,0.65%,28.41
https://oilslickpad.com/blogs/news/elevate-your-experience-with-the-mason-jar-bong,29,1168,2.48%,22.69
https://oilslickpad.com/products/copy-of-5ml-child-resistant-jar-with-black-lids,28,2454,1.14%,21.94
https://oilslickpad.com/products/slick-ball-factory-2nds,26,2390,1.09%,10.84
https://oilslickpad.com/blogs/news/the-game-changer-in-cannabis-extracts-parchment-lined-foil,26,1706,1.52%,21.55
https://oilslickpad.com/collections/spoons,26,1470,1.77%,17.5
https://oilslickpad.com/pages/about-us,25,4723,0.53%,6.94
https://oilslickpad.com/blogs/news/unveiling-the-benefits-of-oil-slick-wrap,25,2036,1.23%,9.52
https://oilslickpad.com/en-au/collections/concentrate-jars,24,1882,1.28%,28.86
https://oilslickpad.com/products/anubis-pipe,23,459,5.01%,10.94
https://oilslickpad.com/products/5ml-child-resistant-jar-with-black-lids,20,4424,0.45%,18.17
https://oilslickpad.com/blogs/news/dab-temperature-guide-from-low-temps-to-max,19,7504,0.25%,4.64
https://oilslickpad.com/en-nl/blogs/news/clean-your-silicone-bong-easily,19,1011,1.88%,11.75
https://oilslickpad.com/pages/contact-us,19,667,2.85%,20.67
https://oilslickpad.com/collections/quartz-bangers,18,6156,0.29%,63.29
https://oilslickpad.com/products/q-bone-water-pipe,18,4363,0.41%,3.53
https://oilslickpad.com/blogs/news/why-medical-grade-silicone-is-the-best-dab-container-choice,18,2174,0.83%,42.29
https://oilslickpad.com/products/6ml-glass-no-neck-jar,17,2276,0.75%,12.06
https://oilslickpad.com/products/3oz-glass-jar-with-black-cr-lid,16,7235,0.22%,37.81
https://oilslickpad.com/blogs/news/2025-quartz-banger-care-guide-season,16,3609,0.44%,4.18
https://oilslickpad.com/products/18oz-child-resistant-glass-jars-with-black-caps-28-grams-1-ounce-capacity-airtight-and-durable-24-pack-the-ultimate-storage-solution-for-cannabis-flower-food-and-crafts,16,3216,0.5%,17.06
https://oilslickpad.com/products/french-fries-water-pipe,16,595,2.69%,7.52
https://oilslickpad.com/products/9ml-child-resistant-jar-with-black-lids,15,4063,0.37%,31.67
https://oilslickpad.com/blogs/news/2025-smell-proof-cannabis-travel-case-guide,15,1831,0.82%,6.42
https://oilslickpad.com/collections/cute-silicone-rigs,15,1534,0.98%,33.88
https://oilslickpad.com/blogs/news/silicone-vs-glass-best-dab-storage-in-2025,15,670,2.24%,6.06
https://oilslickpad.com/products/hamburger-water-pipe,14,1574,0.89%,5.13
https://oilslickpad.com/blogs/news/best-parchment-paper-for-rosin,14,1491,0.94%,21.82
https://oilslickpad.com/products/9-resin-zombie-nurse-water-pipe-h356,14,1032,1.36%,29.58
https://oilslickpad.com/products/oil-slick-non-stick-precut-paper-4-5x-5,14,961,1.46%,12.81
https://oilslickpad.com/products/slick-duo,14,750,1.87%,7.26
https://oilslickpad.com/blogs/news/the-essential-guide-to-oil-slick-duo-and-oil-slick-pad-for-dabbing-enthusiasts,14,704,1.99%,8.8
https://oilslickpad.com/blogs/news/get-glassy-5-simple-steps-to-repurpose-your-concentrate-jars-like-a-pro,14,554,2.53%,6.43
https://oilslickpad.com/blogs/news/perfect-dab-temperature-480-f-to-540-f-for-most,13,6544,0.2%,4.27
https://oilslickpad.com/blogs/news/beginner-s-guide-to-dabbing-perfect-temps,13,3366,0.39%,5.5
https://oilslickpad.com/blogs/news/silicones-rise-in-the-cannabis-world-from-dab-rigs-to-mason-jar-innovations,13,1546,0.84%,13.27
https://oilslickpad.com/blogs/news/cold-start-dabbing-accessories-guide-2025,13,1486,0.87%,6.21
https://oilslickpad.com/blogs/news/discovering-ptfe-the-new-age-parchment-alternative,13,1412,0.92%,31.05
https://oilslickpad.com/products/slick-ball-mini,13,791,1.64%,27.21
https://oilslickpad.com/blogs/news/filtered-smoke-paths-2025-best-carbon-mouthpieces,13,774,1.68%,6.63
https://oilslickpad.com/products/chun-li-silicone-hand-pipe,13,717,1.81%,10.14
https://oilslickpad.com/en-au/collections/glass-jars-extract-packaging,13,330,3.94%,16.09
https://oilslickpad.com/collections/extract-packaging-jars-and-nonstick,12,10786,0.11%,7.62
https://oilslickpad.com/collections/all,12,2586,0.46%,28.99
https://oilslickpad.com/en-au/blogs/news/how-to-clean-a-silicone-bong-in-3-easy-steps,12,412,2.91%,13.18
https://oilslickpad.com/products/limited-edition-oil-slickr-canvas-silicone-dab-pads,12,279,4.3%,10.77
https://oilslickpad.com/products/7ml-uv-resistant-jar-with-cr-black-lids,11,2176,0.51%,34.48
https://oilslickpad.com/products/blank-boxes-for-7ml-jars,11,1820,0.6%,32.18
https://oilslickpad.com/blogs/news/smell-proof-cannabis-storage-2025,11,1149,0.96%,9.54
https://oilslickpad.com/products/5ml-screw-top-jar-with-black-lids,10,3858,0.26%,17.12
https://oilslickpad.com/blogs/news/fungus-among-us-exploring-mushroom-bongs-mushroom-pipes-and-shroom-spoon-hand-pipes-in-the-cannabis-industry,10,2959,0.34%,26.93
https://oilslickpad.com/blogs/news/titanium-vs-quartz-vs-ceramic-dab-nails-2025,10,1276,0.78%,5.65
https://oilslickpad.com/blogs/news/2025-quartz-banger-buyer-s-guide-for-dabbers,10,754,1.33%,4.55
https://oilslickpad.com/products/taxi-water-pipe,10,545,1.83%,11.8
https://oilslickpad.com/blogs/news/how-ai-sees-the-future-with-silicone-bongs,9,7027,0.13%,7.58
https://oilslickpad.com/collections/silicone-pipes/geo-bong,9,4640,0.19%,45.07
https://oilslickpad.com/products/5oz-glass-jar-with-black-cr-lid,9,3680,0.24%,33.24
https://oilslickpad.com/blogs/news/terp-pearls-inserts-2025-better-dabs-or-just,9,1897,0.47%,6.36
https://oilslickpad.com/blogs/news/2025-dab-torch-e-lighter-guide,9,1533,0.59%,5.55
https://oilslickpad.com/blogs/news/2025-odor-control-gear-for-truly-discreet-sessions,9,1043,0.86%,5.98
https://oilslickpad.com/products/mannequin-busty-pipe,9,1039,0.87%,15.74
https://oilslickpad.com/blogs/news/2025-low-smell-dab-stealth-vent-setup-guide,9,1013,0.89%,4.1
https://oilslickpad.com/collections/storage-packaging,9,882,1.02%,12.7
https://oilslickpad.com/blogs/news/p-oil-slick-sheets-the-ptfe-roll-and-tool-your-kitchen-and-extraction-lab-needs-p-p-p,9,781,1.15%,12.65
https://oilslickpad.com/products/cute-kitty-devil-water-pipe,9,621,1.45%,49.3
https://oilslickpad.com/blogs/news/dialing-in-dab-temperature-for-perfect-hits-2025,8,3187,0.25%,3.61
https://oilslickpad.com/collections/silicone-pipes/quartz,8,1185,0.68%,42.32
https://oilslickpad.com/products/9ml-round-bottom-child-resistant-glass-jar-with-lids,8,1056,0.76%,22.8
https://oilslickpad.com/collections/concentrate-jars/7ml,8,452,1.77%,18.68
https://oilslickpad.com/en-ca/blogs/news/silicone-mats-for-dabs-the-perfect-solution-for-cooking-and-cannabis,8,54,14.81%,8.8
https://oilslickpad.com/blogs/news/preserving-the-purity-long-term-care-for-your-quartz-banger,7,5485,0.13%,35.05
https://oilslickpad.com/blogs/news/online-degrees-and-certificates-in-cannabis-what-you-need-to-know,7,4166,0.17%,68.67
https://oilslickpad.com/blogs/news/the-ultimate-guide-to-mastering-quartz-bangers-a-deep-dive-with-oil-slick,7,3263,0.21%,50.18
https://oilslickpad.com/collections/nectar-collectors/bubbler,7,2446,0.29%,51.56
https://oilslickpad.com/blogs/news/2025-cannabis-humidity-guide-boveda-jars-gear,7,2188,0.32%,10.58
https://oilslickpad.com/products/oil-slick-wrap-scratched-and-dented,7,1691,0.41%,9.46
https://oilslickpad.com/blogs/news/e-nail-vs-torch-best-dab-heat-in-2025,7,782,0.9%,6.68
https://oilslickpad.com/blogs/news/the-1ml-glass-syringe-a-dual-champion-for-storing-and-using-cannabis-extracts,7,765,0.92%,23.26
https://oilslickpad.com/collections/extract-packaging-jars-and-nonstick/products/slickr-stack,7,599,1.17%,17.29
https://oilslickpad.com/blogs/news/2025-dab-mat-guide-heat-safe-non-slip,7,451,1.55%,4.96
https://oilslickpad.com/blogs/news/2025-dab-tool-organization-guide,7,329,2.13%,4.42
https://oilslickpad.com/en-au/blogs/news/preserving-potency-how-cannabis-extract-jars-revolutionize-storage-and-preservation,7,300,2.33%,28.06
https://oilslickpad.com/collections/non-stick-paper-and-ptfe/bho,7,136,5.15%,12.17
https://oilslickpad.com/blogs/news/concentrate-storage-101-keep-dabs-terpy,6,2189,0.27%,4.68
https://oilslickpad.com/collections/silicone-beaker-bongs,6,1305,0.46%,29.69
https://oilslickpad.com/products/cannon-tower-water-pipe,6,512,1.17%,15.46
https://oilslickpad.com/products/oil-slickr-pack-it,6,469,1.28%,37.19
https://oilslickpad.com/collections/dabbing/hybrid,6,409,1.47%,8.21
https://oilslickpad.com/blogs/news/2025-dab-mat-guide-keep-your-dab-station,6,371,1.62%,6.29
https://oilslickpad.com/products/rectangle-glass-water-pipe-with-wooden-tray-assorted,6,361,1.66%,10.39
https://oilslickpad.com/products/spooky-smoker-bubbler,6,357,1.68%,31.6
https://oilslickpad.com/blogs/news/2025-carb-cap-airflow-guide-for-thick-vapor-hits-now,6,337,1.78%,5.52
https://oilslickpad.com/blogs/news/2025-dab-mat-guide-clean-safe-heat-proof,6,280,2.14%,8.23
https://oilslickpad.com/blogs/news/black-glass-jars-sleek-and-sophisticated-cannabis-storage-solutions,5,2897,0.17%,50.6
https://oilslickpad.com/collections/silicone-pipes/dab-rig,5,2708,0.18%,64.98
https://oilslickpad.com/collections/silicone-pipes/halloween,5,979,0.51%,58.31
https://oilslickpad.com/blogs/news/2025-dab-nail-banger-guide-quartz-vs-titanium-picks,5,855,0.58%,9.57
https://oilslickpad.com/blogs/news/a-deep-dive-into-oil-slicks-silicone-mat-collection,5,789,0.63%,13.6
https://oilslickpad.com/collections/nectar-collectors/cute,5,710,0.7%,30.54
https://oilslickpad.com/products/aliens-silicone-water-pipe,5,630,0.79%,33.32
https://oilslickpad.com/blogs/news/2025-odor-proof-cannabis-storage-case-guide,5,563,0.89%,6.29
https://oilslickpad.com/products/cuddle-bear-hand-pipe,5,486,1.03%,9.72
https://oilslickpad.com/products/oil-slickr-clear-roll-bulk-fep-for-purging-and-slab-storage-50x16,5,388,1.29%,12.72
https://oilslickpad.com/products/rolling-tray,5,374,1.34%,19.55
https://oilslickpad.com/blogs/news/precision-dab-dosing-2025-scales-tools-micro,5,359,1.39%,4.04
https://oilslickpad.com/blogs/news/smell-proof-travel-best-dab-rig-cases,5,340,1.47%,8.75
https://oilslickpad.com/en-au/blogs/news/how-to-use-a-nectar-collector-for-dabs-best-guide,5,338,1.48%,39.94
https://oilslickpad.com/blogs/news/the-ultimate-guide-to-extract-jars-best-sizes-for-your-cannabis-products,5,312,1.6%,22.29
https://oilslickpad.com/blogs/news,5,302,1.66%,9.36
https://oilslickpad.com/blogs/news/dabs-and-oil-slick-pads-the-perfect-companions-for-a-premium-experience,5,286,1.75%,9.15
https://oilslickpad.com/en-ca/products/oil-slickr-sheet-ptfe,5,276,1.81%,14.45
https://oilslickpad.com/products/hunny-bear-water-pipe,5,269,1.86%,16.68
https://oilslickpad.com/collections/nectar-collectors/smoking,5,251,1.99%,31.41
https://oilslickpad.com/blogs/news/unlock-free-shipping-nationwide-on-cannabis-packaging-and-silicone-bongs,5,246,2.03%,18.68
https://oilslickpad.com/products/custom-oil-slickr-pad,5,214,2.34%,9.94
https://oilslickpad.com/blogs/news/travel-dab-tool-kits-2025-safe-discreet-clean,5,201,2.49%,8.13
https://oilslickpad.com/collections/silicone-pipes/cute,5,196,2.55%,17.18
https://oilslickpad.com/collections/smoke-shop-products,5,192,2.6%,9.77
https://oilslickpad.com/products/astronaut-hand-pipe,5,149,3.36%,15.11
https://oilslickpad.com/blogs/news/2025-dab-rig-cleaning-stations-maintenance-kits-guide,5,123,4.07%,12.4
https://oilslickpad.com/blogs/news/future-of-dabbing-tech-whats-coming-next,5,113,4.42%,7.48
https://oilslickpad.com/blogs/news/dab-temperature-guide-flavor-clouds-control,4,1304,0.31%,4.45
https://oilslickpad.com/collections/silicone-pipes/geobong,4,1172,0.34%,49.84
https://oilslickpad.com/collections/non-stick-containers/dabbing,4,1112,0.36%,39.58
https://oilslickpad.com/blogs/news/the-ultimate-guide-to-the-w3-electric-nectar-collector-the-portable-way-to-enjoy-dabs,4,956,0.42%,55.55
https://oilslickpad.com/blogs/news/ultimate-dab-temperature-guide-2025-real-pros-use-only,4,733,0.55%,6.64
https://oilslickpad.com/blogs/news/discover-the-ultimate-silicone-bong-experience-with-oil-slicks-exceptional-range,4,662,0.6%,31.68
https://oilslickpad.com/blogs/news/2025-carb-cap-deep-dive-airflow-tips-for-dabs,4,511,0.78%,7.02
https://oilslickpad.com/collections/silicone-pipes/extra-large,4,387,1.03%,31.15
https://oilslickpad.com/en-nl/collections/concentrate-jars,4,378,1.06%,21.94
https://oilslickpad.com/products/oil-slickr-paper-factory-2nds,4,233,1.72%,13.39
https://oilslickpad.com/blogs/news/2025-dab-mat-surface-protection-full-setup-guide,4,204,1.96%,7.32
https://oilslickpad.com/blogs/news/2025-dab-travel-kit-guide-for-on-the-go-sessions,4,159,2.52%,10.21
https://oilslickpad.com/blogs/news/2025-dab-tool-travel-storage-survival-guide-tips,4,151,2.65%,5.28
https://oilslickpad.com/blogs/news/2025-dab-station-layout-workflow-storage-guide,4,123,3.25%,5.74
https://oilslickpad.com/products/wild-mustang-water-pipe,4,93,4.3%,2.98
https://oilslickpad.com/collections/silicone-pipes/carb-cap,4,93,4.3%,24.96
https://oilslickpad.com/collections/clearance-2,3,10782,0.03%,4.35
https://oilslickpad.com/collections/nectar-collectors/dab-rig,3,2954,0.1%,62.24
https://oilslickpad.com/blogs/news/mastering-cannabis-packaging-essential-insights-on-dab-containers-wax-containers-extract-jars-and-more,3,2239,0.13%,47.53
https://oilslickpad.com/collections/top-selling-silicone-rigs,3,2117,0.14%,56.81
https://oilslickpad.com/blogs/news/why-silicone-smoking-devices-are-the-future,3,1105,0.27%,14.6
https://oilslickpad.com/collections/concentrate-jars/dab-rig,3,994,0.3%,48.02
https://oilslickpad.com/blogs/news/discover-the-benefits-of-a-7ml-glass-jar-for-cannabis-storage,3,982,0.31%,12.01
https://oilslickpad.com/blogs/news/quartz-banger-shapes-thickness-explained,3,980,0.31%,8.91
https://oilslickpad.com/collections/medium-pipes-and-rigs/nectar-collector,3,956,0.31%,29.27
https://oilslickpad.com/blogs/news/electric-vs-torch-dab-rigs-2025-safety-efficiency,3,932,0.32%,4.2
https://oilslickpad.com/blogs/news/2025-electric-dab-rig-guide-features-safety-tips,3,884,0.34%,6.3
https://oilslickpad.com/blogs/news/2025-dab-tool-heat-guide-no-chazz,3,719,0.42%,6.3
https://oilslickpad.com/a/s/products/ice-cream-splat,3,702,0.43%,5.79
https://oilslickpad.com/blogs/news/dialing-in-dab-temperature-for-better-sessions-every-time,3,686,0.44%,4.24
https://oilslickpad.com/blogs/news/2025-dab-torch-safety-flame-control-tips,3,660,0.45%,4.45
https://oilslickpad.com/blogs/news/dialing-in-dab-temperature-for-smooth-strong-hits,3,643,0.47%,3.59
https://oilslickpad.com/blogs/news/beginner-dabbing-guide-from-first-hit-to-pad,3,608,0.49%,12.38
https://oilslickpad.com/products/cats-claw-water-pipe,3,495,0.61%,65.89
https://oilslickpad.com/collections/concentrate-jars/smokeshop,3,478,0.63%,43
https://oilslickpad.com/blogs/news/silicone-vs-glass-dab-gear-honest-comparison,3,436,0.69%,5.47
https://oilslickpad.com/products/ufo-water-pipe,3,354,0.85%,11.27
https://oilslickpad.com/blogs/news/2025-dab-torch-buying-guide-flame,3,349,0.86%,8.01
https://oilslickpad.com/blogs/news/2025-quartz-banger-shapes-heat-guide,3,347,0.86%,8.59
https://oilslickpad.com/blogs/news/unveiling-the-secret-weapon-of-cannabis-enthusiasts-silicone-pads-and-their-multifold-applications,3,329,0.91%,8.14
https://oilslickpad.com/collections/parchment-papers/hybrid,3,320,0.94%,32.02
https://oilslickpad.com/blogs/news/2025-dab-torch-safety-storage-maintenance-guide,3,295,1.02%,7.92
https://oilslickpad.com/blogs/news/unfolding-the-secrets-of-nonstick-paper-in-cannabis-storage,3,269,1.12%,10.56
https://oilslickpad.com/products/18-oz-child-resistant-glass-jars-24-pack-airtight-odor-proof-cannabis-packaging-with-black-lids,3,253,1.19%,49.25
https://oilslickpad.com/blogs/news/unleashing-the-power-of-the-hammer-pipe-the-ultimate-silicone-bubbler-for-both-dabbing-and-smoking,3,248,1.21%,39.64
https://oilslickpad.com/products/piggy-hand-pipe,3,242,1.24%,41.69
https://oilslickpad.com/blogs/news/2025-dab-carb-cap-mastery-types,3,233,1.29%,6.55
https://oilslickpad.com/blogs/news/how-to-pack-your-silicone-bong-for-a-camping-trip-an-essential-guide,3,205,1.46%,32.01
https://oilslickpad.com/products/custom-designed-art-for-stickers,3,175,1.71%,17.29
https://oilslickpad.com/blogs/news/2025-dab-tool-storage-guide-no-gunk,3,157,1.91%,5.34
https://oilslickpad.com/en-au/blogs/news/how-to-set-up-a-dab-rig-water-level-airflow,3,156,1.92%,3.81
https://oilslickpad.com/collections/non-stick-paper-and-ptfe/dab-pads,3,152,1.97%,41.07
https://oilslickpad.com/blogs/news/silicone-vs-glass-dab-rigs-best-setup-guide-2025,3,143,2.1%,8.82
https://oilslickpad.com/en-au/blogs/news/the-ultimate-guide-to-mastering-quartz-bangers-a-deep-dive-with-oil-slick,3,135,2.22%,62.71
https://oilslickpad.com/blogs/news/2025-dab-tool-grip-ergonomics-guide,3,130,2.31%,4.92
https://oilslickpad.com/products/710-leaf-hand-pipe,3,119,2.52%,18.9
https://oilslickpad.com/blogs/news/magnetic-dab-tool-holders-setups-guide-2025,3,118,2.54%,8.75
https://oilslickpad.com/blogs/news/travel-dab-kits-build-a-safe-stealthy,3,110,2.73%,7.58
https://oilslickpad.com/blogs/news/best-dab-temperature-guide-2026-for-wax-and-live-rosin,3,100,3%,5.19
https://oilslickpad.com/collections/silicone-pipes/flower,3,93,3.23%,11.92
https://oilslickpad.com/collections/glass-jars-extract-packaging/concentrate-jars,3,67,4.48%,13.33
https://oilslickpad.com/blogs/news/2025-dab-station-setup-guide-for-efficient-sessions,3,56,5.36%,6.09
https://oilslickpad.com/blogs/news/unleashing-the-power-of-oil-slick-precut-paper-a-super-non-stick-4-5-game-changer-in-hash-packaging,3,40,7.5%,13.3
https://oilslickpad.com/collections/silicone-pipes/beaker,2,2999,0.07%,65.47
https://oilslickpad.com/collections/silicone-water-pipes,2,2072,0.1%,77.22
https://oilslickpad.com/blogs/news/2025-dab-rig-water-care-smooth-hits-every-time,2,1382,0.14%,5.01
https://oilslickpad.com/collections/carb-caps,2,1032,0.19%,54.36
https://oilslickpad.com/collections/silicone-pipes/smoking,2,976,0.2%,47.95
https://oilslickpad.com/blogs/news/how-to-clean-dab-tools-the-easy-way,2,972,0.21%,4.95
https://oilslickpad.com/blogs/news/how-to-clean-dab-tools-like-a-pro-in-2025,2,899,0.22%,5.61
https://oilslickpad.com/en-ca/blogs/news/dab-temperature-guide-for-flavorful-powerful-hits,2,873,0.23%,4.45
https://oilslickpad.com/blogs/news/2025-dab-tool-materials-ti-vs-quartz-vs-glass,2,838,0.24%,2.94
https://oilslickpad.com/blogs/news/2025-dab-tool-safety-guide-no-burns-no-breaks-no,2,647,0.31%,4.03
https://oilslickpad.com/blogs/news/how-to-clean-dab-tools-easy-2025-maintenance,2,620,0.32%,3.05
https://oilslickpad.com/blogs/news/7ml-low-profile-concentrate-jars-by-oil-slick,2,592,0.34%,36.14
https://oilslickpad.com/blogs/news/2025-dab-cart-battery-guide-for-safer-hits,2,558,0.36%,6.17
https://oilslickpad.com/blogs/news/beginner-s-guide-to-dab-tools-picks-scoops-tips-2025,2,483,0.41%,4.48
https://oilslickpad.com/blogs/news/2025-dab-tool-materials-ti-quartz-ceramic,2,421,0.48%,3.6
https://oilslickpad.com/blogs/news/2025-dab-e-nail-maintenance-troubleshooting-guide,2,416,0.48%,5.51
https://oilslickpad.com/blogs/news/2025-dab-safety-first-aid-guide-for-heavy-users,2,395,0.51%,5.02
https://oilslickpad.com/blogs/news/beginner-dabbing-setup-essentials-you-really,2,390,0.51%,11.31
https://oilslickpad.com/collections/nectar-collectors/spoon,2,379,0.53%,42.03
https://oilslickpad.com/blogs/news/2025-electric-dab-rig-water-coil-care-tips-guide,2,371,0.54%,5.12
https://oilslickpad.com/en-au/blogs/news/beginner-s-dab-rig-setup-first-session-guide,2,298,0.67%,7.56
https://oilslickpad.com/blogs/news/the-ultimate-guide-to-cannabis-extract-jars-sizes-safety-and-style,2,294,0.68%,16.8
https://oilslickpad.com/collections/silicone-pipes/banger,2,287,0.7%,64.31
https://oilslickpad.com/products/skull-ice-cream-hand-pipe,2,283,0.71%,34.25
https://oilslickpad.com/blogs/news/2025-carb-cap-airflow-mastery-guide,2,246,0.81%,5.14
https://oilslickpad.com/products/pineapple-dab-rig,2,218,0.92%,18.33
https://oilslickpad.com/collections/glass-jars-extract-packaging/5ml,2,209,0.96%,42.83
https://oilslickpad.com/a/s/products/spike-the-turtle-ashtray,2,205,0.98%,36.42
https://oilslickpad.com/blogs/news/concentrate-jar-your-best-bet-for-cannabis-storage,2,200,1%,30.4
https://oilslickpad.com/blogs/news/oil-slicks-innovative-solutions-preserving-potency-with-cannabis-extract-jars,2,198,1.01%,10.06
https://oilslickpad.com/products/three-eyes-monster-hand-pipe,2,192,1.04%,15.77
https://oilslickpad.com/blogs/news/2025-carb-cap-airflow-flavor-vapor-science-guide,2,187,1.07%,5.73
https://oilslickpad.com/products/oil-slickr-canvas-rounds,2,183,1.09%,12.14
https://oilslickpad.com/en-au/blogs/news/whats-the-best-concentrate-jar,2,147,1.36%,18.27
https://oilslickpad.com/collections/silicone-ashtrays,2,143,1.4%,21.64
https://oilslickpad.com/blogs/news/dab-tool-grip-ergonomics-guide-for-2025,2,140,1.43%,7.49
https://oilslickpad.com/blogs/news/2025-carb-cap-airflow-pressure-smooth-dabs,2,134,1.49%,6.52
https://oilslickpad.com/blogs/news/e-rig-vs-torch-rig-2025-honest-buyer-s-guide,2,132,1.52%,5.01
https://oilslickpad.com/en-ca/blogs/news/how-to-clean-your-dab-tools-right-without-ruining-them,2,131,1.53%,6.57
https://oilslickpad.com/blogs/news/dab-tool-safety-a-veteran-s-burn-free,2,120,1.67%,5.83
https://oilslickpad.com/en-ca/blogs/news/heat-safe-dabbing-tools-bangers-zero,2,116,1.72%,7.03
https://oilslickpad.com/en-au/blogs/news/2025-rosin-press-accessory-guide-essentials,2,115,1.74%,6.15
https://oilslickpad.com/en-ca/products/10oz-child-resistant-glass-jars-with-black-caps-28-grams-1-ounce-capacity-airtight-and-durable-24-pack-the-ultimate-storage-solution-for-cannabis-flower-food-and-crafts-copy,2,105,1.9%,6.49
https://oilslickpad.com/collections/extract-packaging-jars-and-nonstick/products/slick-ball-mini,2,93,2.15%,8.45
https://oilslickpad.com/en-nl/collections/glass-jars-extract-packaging,2,84,2.38%,7.15
https://oilslickpad.com/collections/non-stick-paper-and-ptfe/dab-rig,2,81,2.47%,36.25
https://oilslickpad.com/blogs/news/dab-organization-hacks-2025-zero-clutter-setup,2,75,2.67%,6.05
https://oilslickpad.com/blogs/news/the-rise-of-puffco-and-e-rigs-for-modern-dabs-2026,2,61,3.28%,4.95
https://oilslickpad.com/en-au/blogs/news/beyond-baking-exploring-the-versatility-of-silicone-pads-in-the-cannabis-world,2,46,4.35%,40.37
https://oilslickpad.com/collections/non-stick-paper-and-ptfe/rosin,2,42,4.76%,6.69
https://oilslickpad.com/products/micro-stack-50-pack,2,39,5.13%,13.21
https://oilslickpad.com/en-au/collections/extract-packaging-jars-and-nonstick,2,39,5.13%,22
https://oilslickpad.com/en-au/blogs/news/smarter-dab-station-setup-for-faster-cleaner-dabs,2,37,5.41%,9.14
https://oilslickpad.com/collections/extract-packaging-jars-and-nonstick/products/micro-stack-50-pack,2,36,5.56%,12.42
https://oilslickpad.com/collections/silicone-smoking-devices/products/silicone-pumpkin-rig,2,25,8%,7.16
https://oilslickpad.com/en-ca/collections/glass-jars-extract-packaging/concentrate-jars,2,25,8%,12.64
https://oilslickpad.com/collections/silicone-ashtrays/nectar-collector,2,19,10.53%,22.37
https://oilslickpad.com/en-nl/products/oil-slick-non-stick-precut-paper-4-5x-5,2,18,11.11%,10.83
https://oilslickpad.com/en-ca/collections/concentrate-jars/dab-rig,2,17,11.76%,23.76
https://oilslickpad.com/a/s/products/oil-slickr-sheet-ptfe?gQT=1,2,16,12.5%,2.44
https://oilslickpad.com/blogs/news/magnetic-dab-stations-for-cleaner-rig-setups,2,16,12.5%,9.56
https://oilslickpad.com/blogs/news/oil-slick-non-stick-paper-the-must-have-tool,2,14,14.29%,7.14
https://oilslickpad.com/collections/all/5ml,2,13,15.38%,4.54
https://oilslickpad.com/collections/dabbing/custom,2,13,15.38%,21.23
https://oilslickpad.com/blogs/news/tagged/420,2,11,18.18%,15.09
https://oilslickpad.com/en-nl/products/copy-of-5ml-child-resistant-jar-with-black-lids,2,9,22.22%,14.67
https://oilslickpad.com/products/mylar-bags-for-storage,1,5961,0.02%,24.28
https://oilslickpad.com/collections/joint-tubes,1,3638,0.03%,61.49
https://oilslickpad.com/collections/accessories,1,2566,0.04%,5.74
https://oilslickpad.com/collections/nectar-collectors/titanium-tip,1,1843,0.05%,61.13
https://oilslickpad.com/collections/silicone-pipes/bong,1,1425,0.07%,74.68
https://oilslickpad.com/collections/silicone-smoking-devices/titanium-tip,1,1400,0.07%,51.43
https://oilslickpad.com/collections/mylar-bags,1,1364,0.07%,58.38
https://oilslickpad.com/blogs/news/terp-pearls-101-smoother-dabs-less,1,1083,0.09%,4.6
https://oilslickpad.com/blogs/news/quartz-banger-care-stop-chazzing-boost,1,1056,0.09%,5.73
https://oilslickpad.com/blogs/news/the-complete-beginner-s-guide-to-dabbing-2025-tips,1,897,0.11%,3.92
https://oilslickpad.com/blogs/news/cleaning-dab-tools-a-real-world-guide-for,1,890,0.11%,6.13
https://oilslickpad.com/collections/nectar-collectors/child-resistant,1,796,0.13%,34.82
https://oilslickpad.com/blogs/news/concentrate-storage-keep-dabs-fresh-terpy,1,780,0.13%,4.7
https://oilslickpad.com/blogs/news/quartz-banger-and-essential-accessories-mastering-the-art-of-dabbing,1,768,0.13%,63.59
https://oilslickpad.com/blogs/news/how-to-clean-dab-tools-no-bs-guide-for-2025,1,731,0.14%,4.95
https://oilslickpad.com/blogs/news/ultimate-dab-temperature-guide-for-pure-flavor-hits,1,728,0.14%,3.93
https://oilslickpad.com/blogs/news/how-to-clean-dab-tools-like-a-pro-in-2026,1,725,0.14%,3.42
https://oilslickpad.com/blogs/news/concentrate-storage-101-keep-dabs-fresh-longer-1,1,676,0.15%,5.07
https://oilslickpad.com/collections/concentrate-jars/clearance,1,618,0.16%,21.72
https://oilslickpad.com/collections/top-selling-silicone-rigs/banger,1,611,0.16%,29.74
https://oilslickpad.com/blogs/news/2025-dab-torch-safety-fuel-care-flame-mastery,1,532,0.19%,5.94
https://oilslickpad.com/en-ca/blogs/news/concentrate-storage-101-keep-dabs-fresh,1,498,0.2%,4.61
https://oilslickpad.com/blogs/news/dial-in-dab-temperature-low-temp-to-hot-hits,1,440,0.23%,4.95
https://oilslickpad.com/products/slick-clear-fep,1,438,0.23%,9.26
https://oilslickpad.com/collections/nectar-collectors/quartz,1,435,0.23%,52.71
https://oilslickpad.com/products/xl-big-hunny-bear-water-pipe,1,432,0.23%,7.87
https://oilslickpad.com/en-ca/blogs/news/dab-temperature-guide-flavor,1,406,0.25%,5.13
https://oilslickpad.com/a/s/products/sid-the-sloth-pipe,1,402,0.25%,16.37
https://oilslickpad.com/collections/concentrate-jars/spoon,1,389,0.26%,50.98
https://oilslickpad.com/blogs/news/2025-quartz-banger-longevity-guide,1,377,0.27%,3.72
https://oilslickpad.com/collections/silicone-pipes/large,1,376,0.27%,51.86
https://oilslickpad.com/blogs/news/2025-terp-pearls-quartz-inserts-flavor-science-guide,1,373,0.27%,7.87
https://oilslickpad.com/blogs/news/the-ultimate-guide-to-710-gifts-from-oil-slick-slabs-to-silicone-dab-rigs-for-the-dabbing-connoisseur,1,366,0.27%,46.4
https://oilslickpad.com/blogs/news/dialing-in-dab-temperature-for-better-flavor,1,365,0.27%,4.12
https://oilslickpad.com/blogs/news/carb-cap-guide-styles-flavor,1,353,0.28%,9.5
https://oilslickpad.com/en-au/blogs/news/perfect-dab-temperature-explained-like-a-friend,1,352,0.28%,4.72
https://oilslickpad.com/blogs/news/titanium-vs-quartz-vs-ceramic-vs-glass-tools-2025,1,349,0.29%,4.27
https://oilslickpad.com/collections/silicone-smoking-devices/large,1,339,0.29%,54.82
https://oilslickpad.com/products/clearance,1,329,0.3%,9.13
https://oilslickpad.com/collections/extraction-supplies,1,323,0.31%,38.14
https://oilslickpad.com/products/custom-oil-slickr-printed-precut-non-stick-paper-4-5x-5,1,290,0.34%,39.11
https://oilslickpad.com/blogs/news/2025-dab-torch-safety-choose-use-store,1,286,0.35%,4.38
https://oilslickpad.com/blogs/news/2025-dab-tool-heat-guide-titanium,1,285,0.35%,7.4
https://oilslickpad.com/en-au/blogs/news/terp-pearls-101-smoother-dabs-less,1,278,0.36%,3.93
https://oilslickpad.com/en-au/blogs/news/how-ai-sees-the-future-with-silicone-bongs,1,278,0.36%,8.47
https://oilslickpad.com/products/oil-slickr-i-love-pin-gold-3d,1,275,0.36%,28.47
https://oilslickpad.com/blogs/news/how-to-clean-dab-tools-chill-guide-for-daily,1,270,0.37%,3.86
https://oilslickpad.com/collections/silicone-smoking-devices/halloween,1,270,0.37%,35.72
https://oilslickpad.com/collections/rosin-extraction/silicone,1,269,0.37%,15.17
https://oilslickpad.com/blogs/news/2025-dab-mat-guide-keep-your-station-clean,1,262,0.38%,6.57
https://oilslickpad.com/blogs/news/unveiling-the-secret-why-7ml-glass-jars-are-the-crown-jewels-of-cannabis-concentrate-packaging,1,250,0.4%,24.48
https://oilslickpad.com/blogs/news/2025-dab-storage-silicone-vs-glass,1,249,0.4%,7.07
https://oilslickpad.com/products/test,1,243,0.41%,7.73
https://oilslickpad.com/blogs/news/carb-caps-explained-better-flavor-vapor,1,227,0.44%,9.78
https://oilslickpad.com/blogs/news/quartz-banger-shape-thickness-guide-2025,1,218,0.46%,9
https://oilslickpad.com/en-au/blogs/news/how-to-clean-dab-tools-like-a-pro-2025-guide,1,216,0.46%,4.95
https://oilslickpad.com/blogs/news/2025-dab-tool-trends-smarter-gear-less,1,207,0.48%,9.36
https://oilslickpad.com/collections/silicone-pipes/medium,1,203,0.49%,37.94
https://oilslickpad.com/blogs/news/carb-cap-masterclass-transform-every-dab,1,200,0.5%,7.67
https://oilslickpad.com/blogs/news/the-swiss-army-bong-by-oil-slick-the-all-in-one-smoking-solution,1,193,0.52%,8.15
https://oilslickpad.com/collections/mylar-bags-1,1,191,0.52%,56.49
https://oilslickpad.com/products/pirate-hand-pipe,1,183,0.55%,50.19
https://oilslickpad.com/blogs/news/uv-resistant-dab-jar-perfect-companion-for-cannabis-lovers,1,179,0.56%,14.69
https://oilslickpad.com/blogs/news/glass-vs-silicone-vs-ceramic-dab-rigs-explained,1,176,0.57%,4.49
https://oilslickpad.com/en-au/blogs/news/dab-tool-safety-stop-burns-before-they,1,176,0.57%,5.68
https://oilslickpad.com/blogs/news/clean-dab-tools-like-a-pro-a-veteran-s-guide,1,176,0.57%,6.02
https://oilslickpad.com/blogs/news/e-nail-vs-torch-dabbing-guide-for-2025,1,169,0.59%,8.04
https://oilslickpad.com/blogs/news/from-bong-to-dab-rig-your-2025-dabbing-guide,1,165,0.61%,6.56
https://oilslickpad.com/collections/dab-rigs-and-oil-rigs,1,165,0.61%,78.93
https://oilslickpad.com/collections/concentrate-jars/glass,1,164,0.61%,44.79
https://oilslickpad.com/collections/dabbing/dabpad,1,161,0.62%,37.86
https://oilslickpad.com/blogs/news/unboxing-oil-slick-s-small-dab-rigs-a-detailed-review-of-mini-bubs-silicone-sriracha-rig-swiss-army-pipe-and-the-skull-chalice,1,150,0.67%,23.62
https://oilslickpad.com/en-au/search,1,148,0.68%,17.91
https://oilslickpad.com/blogs/news/beginner-dab-rig-setup-first-torch-to-dab,1,146,0.68%,10.08
https://oilslickpad.com/collections/concentrate-jars/child-resistant,1,135,0.74%,29.75
https://oilslickpad.com/collections/parchment-papers/dab-rig,1,132,0.76%,45.73
https://oilslickpad.com/en-nl/blogs/news/why-medical-grade-silicone-is-the-best-dab-container-choice,1,131,0.76%,22.53
https://oilslickpad.com/blogs/news/discover-the-ultimate-smoking-accessory-the-silicone-smoke-ring,1,129,0.78%,19.5
https://oilslickpad.com/blogs/news/2025-dab-tool-materials-guide-ti,1,127,0.79%,6.13
https://oilslickpad.com/en-ca/blogs/news/concentrate-storage-101-keep-dabs-fresh-longer,1,118,0.85%,5.19
https://oilslickpad.com/blogs/news/elevate-your-cannabis-journey-discover-excellence-at-oil-slick,1,118,0.85%,13.53
https://oilslickpad.com/collections/smoking,1,117,0.85%,7
https://oilslickpad.com/blogs/news/silicone-vs-glass-your-2025-guide-to-dab,1,116,0.86%,2.66
https://oilslickpad.com/collections/small-pipes-rigs,1,114,0.88%,37.52
https://oilslickpad.com/collections/silicone-smoking-devices/hybrid,1,109,0.92%,32.92
https://oilslickpad.com/collections/silicone-pipes/smokeshop,1,104,0.96%,41.11
https://oilslickpad.com/blogs/news/how-to-clean-dab-tools-a-no-nonsense-guide,1,103,0.97%,6.05
https://oilslickpad.com/en-ca/blogs/news/2025-dab-mat-guide-keep-your-station-clean-1,1,96,1.04%,7.59
https://oilslickpad.com/blogs/news/2025-dab-tool-buyer-s-guide-shapes,1,92,1.09%,5.83
https://oilslickpad.com/en-au/blogs/news/online-degrees-and-certificates-in-cannabis-what-you-need-to-know,1,90,1.11%,43.37
https://oilslickpad.com/collections/rosin-extraction/fep,1,89,1.12%,13.6
https://oilslickpad.com/en-nl/blogs/news/the-ultimate-guide-to-reclaim-carcinogens-cooking-and-high-thca-content,1,84,1.19%,42.92
https://oilslickpad.com/collections/quartz-bangers/flower,1,82,1.22%,8.27
https://oilslickpad.com/blogs/news/elevate-your-dabbing-experience-embrace-the-efficiency-of-oil-slicks-reclaim-catcher-with-silicone-container,1,81,1.23%,57.42
https://oilslickpad.com/blogs/news/silicone-vs-glass-choose-the-best-dab-pad,1,79,1.27%,9.23
https://oilslickpad.com/collections/dabbing/dab-rig,1,78,1.28%,8.62
https://oilslickpad.com/collections/rosin-extraction/dab-pads,1,72,1.39%,39.75
https://oilslickpad.com/en-ca/products/oil-slickr-shield,1,71,1.41%,27.51
https://oilslickpad.com/collections/clearance/products/12-encore-double-stack-disc-recycler,1,70,1.43%,23.71
https://oilslickpad.com/blogs/news/low-noise-dab-setups-for-discreet-indoor-dabbing-2025,1,65,1.54%,4.43
https://oilslickpad.com/blogs/news/torch-safety-flame-control-101-for-better-dabs-2026,1,63,1.59%,5.63
https://oilslickpad.com/products/slimer-water-pipe,1,63,1.59%,12.41
https://oilslickpad.com/blogs/news/you-won-t-believe-how-much-weed-these-two-generations-are-buying-the-shocking-truth-about-legal-cannabis-sales,1,62,1.61%,20.56
https://oilslickpad.com/blogs/news/dab-rig-cleaning-101-daily-to-weekly-routine,1,59,1.69%,3.69
https://oilslickpad.com/blogs/news/how-ai-and-hemp-are-working-to-fix-your-tummy,1,59,1.69%,24.22
https://oilslickpad.com/collections/extract-packaging-jars-and-nonstick/products/slick-stack-clear-bulk-bag,1,57,1.75%,8.67
https://oilslickpad.com/blogs/news/2025-dab-tool-ergonomics-grip-hand-relief,1,55,1.82%,7.27
https://oilslickpad.com/collections/parchment-papers/silicone,1,46,2.17%,17.3
https://oilslickpad.com/a/s/products/yoshi-egg-rig,1,44,2.27%,12.82
https://oilslickpad.com/collections/silicone-glass-hybrid-rigs-and-bubblers/dab-rig,1,44,2.27%,50.2
https://oilslickpad.com/en-nl/blogs/news/how-to-pack-your-silicone-bong-for-a-camping-trip-an-essential-guide,1,43,2.33%,38.09
https://oilslickpad.com/products/skull-beanie-hand-pipe,1,41,2.44%,20.49
https://oilslickpad.com/collections/dabbing/canvas,1,38,2.63%,6.21
https://oilslickpad.com/blogs/news/percolator-types-choose-your-smoothest,1,38,2.63%,12.11
https://oilslickpad.com/blogs/news/childproof-your-dab-setup-locks,1,37,2.7%,6.59
https://oilslickpad.com/blogs/news/6ml,1,36,2.78%,25.56
https://oilslickpad.com/blogs/news/about-oil-slick,1,35,2.86%,7.49
https://oilslickpad.com/collections/non-stick-containers/products/micro-stack-50-pack,1,35,2.86%,9.09
https://oilslickpad.com/blogs/news/elevate-your-brand-with-custom-stickers-for-cannabis-jars,1,35,2.86%,21.06
https://oilslickpad.com/pages/our-company,1,34,2.94%,8.59
https://oilslickpad.com/collections/rosin-extraction/bho,1,33,3.03%,5.3
https://oilslickpad.com/en-ca/blogs/news/silicone-vs-glass-dab-rigs-best-setup-guide-2025,1,30,3.33%,9.63
https://oilslickpad.com/collections/silicone-smoking-devices/animal,1,29,3.45%,16.34
https://oilslickpad.com/collections/glass-jars-extract-packaging/child-resistant,1,28,3.57%,16.14
https://oilslickpad.com/collections/non-stick-containers/products/slick-ball-factory-2nds,1,28,3.57%,20.54
https://oilslickpad.com/collections/smoke-shop-products/bong,1,28,3.57%,44.18
https://oilslickpad.com/a/s/products/10oz-child-resistant-glass-jars-with-black-caps-28-grams-1-ounce-capacity-airtight-and-durable-24-pack-the-ultimate-storage-solution-for-cannabis-flower-food-and-crafts-copy,1,27,3.7%,10.11
https://oilslickpad.com/collections/parchment-paper,1,25,4%,14.48
https://oilslickpad.com/blogs/news/beginner-s-dab-setup-build-it-right-first,1,24,4.17%,3.21
https://oilslickpad.com/collections/non-stick-paper-and-ptfe/extraction,1,24,4.17%,7.42
https://oilslickpad.com/collections/dabbing/silicone,1,24,4.17%,7.83
https://oilslickpad.com/blogs/news/the-ultimate-guide-to-slick-clear-fep-sheets-for-concentrate-packaging,1,24,4.17%,16.79
https://oilslickpad.com/a/s/products/refillable-ceramic-cartridge,1,24,4.17%,28.29
https://oilslickpad.com/en-au/blogs/news/silicone-mats-for-dabs-the-perfect-solution-for-cooking-and-cannabis,1,23,4.35%,15.26
https://oilslickpad.com/products/10oz-child-resistant-glass-jars-with-black-caps-28-grams-1-ounce-capacity-airtight-and-durable-24-pack-the-ultimate-storage-solution-for-cannabis-flower-food-and-crafts-copy,1,21,4.76%,8.48
https://oilslickpad.com/collections/silicone-smoking-devices/products/slick-slab,1,20,5%,9.65
https://oilslickpad.com/en-au/collections/glass-jars-extract-packaging/jar,1,20,5%,27.65
https://oilslickpad.com/en-ca/blogs/news/concentrate-jar-your-best-bet-for-cannabis-storage,1,18,5.56%,1.33
https://oilslickpad.com/blogs/news/magnetized-dab-stations-for-cleaner-safer-sessions,1,18,5.56%,10.61
https://oilslickpad.com/collections/storage-packaging/products/micro-stack-50-pack,1,18,5.56%,11.17
https://oilslickpad.com/collections/clearance/nectar-collector,1,18,5.56%,23.06
https://oilslickpad.com/a/s/products/oil-slickr-sheet-ptfe,1,17,5.88%,3.29
https://oilslickpad.com/collections/non-stick-paper-and-ptfe/ptfe,1,17,5.88%,7.06
https://oilslickpad.com/collections/custom/nectar-collector,1,16,6.25%,18.31
https://oilslickpad.com/blogs/news/a-new-era-in-the-nba-cannabis-freed-from-the-bench,1,16,6.25%,25.56
https://oilslickpad.com/en-nl/blogs/news/ptfe-in-cannabis-the-game-changer-for-packaging-extraction,1,15,6.67%,15.27
https://oilslickpad.com/en-nl/collections/bulk-ptfe-fep,1,15,6.67%,42.2
https://oilslickpad.com/blogs/news/dab-tech-you-ll-actually-use-in-2026,1,14,7.14%,5.93
https://oilslickpad.com/en-au/blogs/news/the-ultimate-guide-to-extract-jars-best-sizes-for-your-cannabis-products,1,14,7.14%,6.14
https://oilslickpad.com/collections/carb-caps/spoon,1,13,7.69%,5
https://oilslickpad.com/a/s/products/universal-ash-catcher,1,13,7.69%,5.92
https://oilslickpad.com/en-au/blogs/news/elevate-your-experience-with-the-mason-jar-bong,1,11,9.09%,22
https://oilslickpad.com/blogs/news/build-one-modular-dab-tool-kit-for-every-rig,1,10,10%,7.6
https://oilslickpad.com/a/s/products/nuclear-waste-rig,1,10,10%,9.8
https://oilslickpad.com/collections/extraction-supplies/banger,1,10,10%,19
https://oilslickpad.com/en-au/blogs/news/the-ultimate-guide-to-cannabis-extract-jars-sizes-safety-and-style,1,9,11.11%,8.78
https://oilslickpad.com/en-nl/products/oil-slickr-wrap-foil-backed-parchment-with-waterproof-membrane,1,8,12.5%,4.25
https://oilslickpad.com/collections/mylar-bags/spoon,1,8,12.5%,12.12
https://oilslickpad.com/collections/nonstick-materials-for-extraction/silicone-pad,1,7,14.29%,2.71
https://oilslickpad.com/collections/parchment-papers/products/oil-slickr-pack-it,1,7,14.29%,4.57
https://oilslickpad.com/a/s/products/silicone-nectar-collector-kit,1,7,14.29%,8.14
https://oilslickpad.com/blogs/news/new-year-new-pipe,1,7,14.29%,12.86
https://oilslickpad.com/collections/small-pipes-rigs/animal,1,7,14.29%,13.43
https://oilslickpad.com/collections/non-stick-paper-and-ptfe/nectar-collector,1,7,14.29%,13.86
https://oilslickpad.com/collections/non-stick-paper-and-ptfe/commercial-processors,1,6,16.67%,2.67
https://oilslickpad.com/blogs/news/top-silicone-rigs-of-2022,1,6,16.67%,8.5
https://oilslickpad.com/collections/ashtrays/ashtray,1,6,16.67%,14.67
https://oilslickpad.com/collections/all/silicone-pad,1,5,20%,6.4
https://oilslickpad.com/a/s/products/elephant-bubble,1,5,20%,8.8
https://oilslickpad.com/a/s/products/oil-catcher,1,5,20%,10.2
https://oilslickpad.com/collections/custom/silicone-pad,1,5,20%,18.4
https://oilslickpad.com/a/s/products/glass-silicone-hybrid-percules,1,4,25%,1.75
https://oilslickpad.com/products/1-pokeball-carb-cap,1,4,25%,4
https://oilslickpad.com/collections/extract-packaging-jars-and-nonstick/products/custom-oil-slickr-printed-precut-non-stick-paper-4-5x-5,1,4,25%,10.25
https://oilslickpad.com/en-ca/collections/custom/nectar-collector,1,4,25%,12
https://oilslickpad.com/collections/extraction-materials-packaging/5ml,1,3,33.33%,4
https://oilslickpad.com/en-au/collections/all/glass,1,3,33.33%,4.33
https://oilslickpad.com/en-nl/products/oil-slickr-clear-roll-bulk-fep-for-purging-and-slab-storage-50x16,1,3,33.33%,5
https://oilslickpad.com/en-au/collections/storage-packaging/child-resistant,1,3,33.33%,5.33
https://oilslickpad.com/collections/google-collection/products/slick-stack-clear-bulk-bag,1,3,33.33%,16
https://oilslickpad.com/a/s/products/6-donut-glass-bubbler-b,1,2,50%,2
https://oilslickpad.com/a/s/products/clearance,1,2,50%,2
https://oilslickpad.com/collections/everyday-essentials/products/25-14mm-monark-two-tone-screen-flower-bowl,1,2,50%,3
https://oilslickpad.com/a/s/products/silicone-pumpkin-rig,1,2,50%,3.5
https://oilslickpad.com/a/s/products/1-pokeball-carb-cap,1,2,50%,5.5
https://oilslickpad.com/collections/all/rolling-tray,1,2,50%,6
https://oilslickpad.com/a/s/products/25-14mm-titanium-nectar-tip-3-pack-w-clips,1,2,50%,26
https://oilslickpad.com/collections/extract-packaging-jars-and-nonstick/products/5ml-child-resistant-jar-with-black-lids,1,2,50%,41
https://oilslickpad.com/collections/small-pipes-rigs/bong,1,2,50%,44.5
https://oilslickpad.com/a/s/products/1ml-glass-syringe,1,1,100%,1
https://oilslickpad.com/a/s/products/10-monark-color-accent-dual-chamber-recycler,1,1,100%,2
https://oilslickpad.com/a/s/products/kerby-yellow-bot-head,1,1,100%,3
https://oilslickpad.com/products/35-color-honeydrop-screw-on-tip-nectar-kit,1,1,100%,6
https://oilslickpad.com/collections/medium-pipes-and-rigs/flower,1,1,100%,7
https://oilslickpad.com/en-au/blogs/news/top-silicone-rigs-of-2022,1,1,100%,7
"https://oilslickpad.com/a/s/products/3oz-glass-jar-with-black-cr-lid?gQT=1&amp;gRefinements=CATEGORY:Food 
Storage Containers",1,1,100%,12
https://oilslickpad.com/en-nl/collections/silicone-smoking-devices?page=8,1,1,100%,12
https://oilslickpad.com/products/5ml-round-bottom-child-resistant-jar-with-black-lids?gQT=1,1,1,100%,12
https://oilslickpad.com/a/s/products/zig-zag-1-14-ultra-thin-papers,1,1,100%,71
https://oilslickpad.com/blogs/news/how-to-make-cannabutter-a-simple-recipe-for-infusing-cannabis-into-your-cooking,0,14976,0%,79.56
https://oilslickpad.com/blogs/news/discover-the-surprising-benefits-of-reclaim-dont-let-your-dab-rig-residue-go-to-waste,0,6172,0%,50.53
https://oilslickpad.com/blogs/news/cannabis-terpenes-the-flavors-effects-and-benefits,0,2448,0%,57.51
https://oilslickpad.com/blogs/news/how-to-clean-dab-tools-rigs-pads-safely,0,1452,0%,5.49
https://oilslickpad.com/blogs/news/unleashing-your-personality-cute-bongs-adorable-pipes-and-more-in-the-cannabis-accessories-world,0,1300,0%,51.32
https://oilslickpad.com/blogs/news/why-silicone-pipes-might-be-better-than-glass,0,1229,0%,60.76
https://oilslickpad.com/en-au/pages/about-us,0,885,0%,2.5
https://oilslickpad.com/collections/quartz-bangers/nectar-collector,0,815,0%,36.27
https://oilslickpad.com/blogs/news/decoding-the-best-a-comprehensive-guide-to-marijuana-packaging-and-choosing-the-ideal-weed-jars,0,796,0%,61.74
https://oilslickpad.com/blogs/news/elevate-your-dabbing-experience-with-7ml-glass-jars,0,778,0%,52.98
https://oilslickpad.com/blogs/news/discover-the-ideal-cannabis-storage-oil-slick-s-3-oz-and-5-oz-jars,0,759,0%,52.52
https://oilslickpad.com/en-au/blogs/news/preserving-the-purity-long-term-care-for-your-quartz-banger,0,740,0%,56.6
https://oilslickpad.com/blogs/news/delta-8-thc-a-legal-overview,0,731,0%,75.57
https://oilslickpad.com/en-au/collections/silicone-pipes/smoking,0,707,0%,38.56
https://oilslickpad.com/en-au/collections/silicone-pipes/dab-pads,0,689,0%,26.83
https://oilslickpad.com/collections/silicone-water-pipes/geo-bong,0,670,0%,63.16
https://oilslickpad.com/en-au/collections/all,0,658,0%,66.99
https://oilslickpad.com/blogs/news/glass-jars-in-cannabis-packaging-elevating-presentation-preservation,0,634,0%,46.07
https://oilslickpad.com/collections/carb-caps/carb-cap,0,608,0%,84.37
https://oilslickpad.com/products/shaggy-monster-hand-pipe,0,581,0%,17.5
https://oilslickpad.com/products/frog-hand-pipe,0,502,0%,56.05
https://oilslickpad.com/collections/bulk-ptfe-fep,0,470,0%,12.88
https://oilslickpad.com/collections/extraction-materials-packaging,0,457,0%,4.73
https://oilslickpad.com/collections/concentrate-jars/3oz,0,440,0%,62.26
https://oilslickpad.com/blogs/news/2025-cannabis-grinder-care-kief-mastery-guide-tips,0,426,0%,6.56
https://oilslickpad.com/collections/concentrate-jars/bubbler,0,412,0%,63.29
https://oilslickpad.com/blogs/news/concentrate-storage-101-keep-dabs-fresh-longer,0,408,0%,3.39
https://oilslickpad.com/blogs/news/beginner-dab-rig-setup-torch-to-first-perfect,0,388,0%,8.33
https://oilslickpad.com/blogs/news/2025-dab-terp-guide-keep-your-dabs-tasting,0,384,0%,3.48
https://oilslickpad.com/collections/silicone-water-pipes/medium,0,368,0%,63.54
https://oilslickpad.com/blogs/news/how-to-clean-dab-tools-right-pro-tips-for-2024-now,0,366,0%,3.83
https://oilslickpad.com/en-au/blogs/news/discover-the-ultimate-w3-electric-nectar-collector-experience,0,366,0%,76.86
https://oilslickpad.com/blogs/news/get-to-know-our-7ml-glass-jars,0,349,0%,31.42
https://oilslickpad.com/collections/dabbing/wholesale,0,345,0%,24.25
https://oilslickpad.com/blogs/news/cbd-oil-vs-treats-for-dogs-which-is-better-for-your-furry-friend,0,322,0%,70.89
https://oilslickpad.com/collections/silicone-pipes/accessories,0,318,0%,71.45
https://oilslickpad.com/blogs/news/crafting-the-quintessential-cannabis-experience-the-art-of-glass-jar-packaging,0,293,0%,49.89
https://oilslickpad.com/blogs/news/2025-dab-tool-materials-quartz-vs-ti-vs-glass,0,282,0%,4.71
https://oilslickpad.com/blogs/news/the-14mm-cannabis-experience-guide-quartz-bangers-terp-slurpers-and-more,0,281,0%,53.15
https://oilslickpad.com/en-ca/collections/non-stick-containers/nectar-collector,0,273,0%,38.75
https://oilslickpad.com/collections/concentrate-jars/storage-and-packaging,0,271,0%,63.22
https://oilslickpad.com/blogs/news/ultimate-2025-guide-to-clean-dab-tools-like-a-pro-now,0,268,0%,4.54
https://oilslickpad.com/collections/non-stick-containers/dab-pads,0,268,0%,43.89
https://oilslickpad.com/en-au/blogs/news/cannabis-terpenes-the-flavors-effects-and-benefits,0,266,0%,5.65
https://oilslickpad.com/blogs/news/dab-temperature-guide-flavor-1,0,265,0%,3.45
https://oilslickpad.com/blogs/news/2025-dab-tool-safety-guide-stop-burns,0,260,0%,4.7
https://oilslickpad.com/blogs/news/how-to-clean-dab-tools-the-right-way-1,0,259,0%,4.12
https://oilslickpad.com/pages/home-page,0,257,0%,4.99
https://oilslickpad.com/en-au/blogs/news/ultimate-dab-temperature-guide-for-pure-flavor-hits,0,256,0%,3.84
https://oilslickpad.com/blogs/news/savor-the-purity-with-oil-slick-s-glass-dab-jars,0,252,0%,36.33
https://oilslickpad.com/blogs/news/how-to-clean-dab-tools-without-losing-your-mind,0,247,0%,2.89
https://oilslickpad.com/blogs/news/revolutionize-your-cannabis-storage-with-these-smell-proof-mylar-bags-from-oil-slick-keep-your-stash-fresh-and-secure,0,243,0%,68.03
https://oilslickpad.com/blogs/news/cleaning-your-silicone-bong-a-step-by-step-guide-from-the-experts-at-oil-slick,0,242,0%,75.38
https://oilslickpad.com/blogs/news/odor-control-gear-for-indoor-cannabis-sessions-2024,0,241,0%,5.66
https://oilslickpad.com/collections/non-stick-containers/hybrid,0,230,0%,42.42
https://oilslickpad.com/blogs/news/preserving-purity-a-guide-to-cannabis-packaging-in-glass-jars,0,226,0%,54.46
https://oilslickpad.com/collections/silicone-beaker-bongs/silicone-pipe,0,225,0%,65
https://oilslickpad.com/collections/google-collection/products/14mm-gavel-flat-bottom-bucket-quartz-banger,0,220,0%,16.51
https://oilslickpad.com/products/starfish-buddy-water-pipe,0,219,0%,38.79
https://oilslickpad.com/en-au/collections/silicone-smoking-devices/silicone,0,208,0%,46.84
https://oilslickpad.com/en-ca/blogs/news/concentrate-storage-101-keep-dabs-fresh-longer-1,0,206,0%,3.32
https://oilslickpad.com/blogs/news/2025-dab-torch-safety-maintenance-guide-tricks-plus,0,204,0%,3.64
https://oilslickpad.com/collections/non-stick-containers/wholesale,0,193,0%,35
https://oilslickpad.com/blogs/news/dive-into-dabbing-essential-accessories-from-oil-slick-the-silicone-dab-mats,0,191,0%,27.72
https://oilslickpad.com/en-au/blogs/news/discover-the-surprising-benefits-of-reclaim-dont-let-your-dab-rig-residue-go-to-waste,0,191,0%,54.14
https://oilslickpad.com/blogs/news/2025-dab-rig-filtration-percs-water,0,190,0%,7.32
https://oilslickpad.com/blogs/news/dab-safety-2025-heat-airflow-first,0,189,0%,4.36
https://oilslickpad.com/collections/non-stick-containers/banger,0,189,0%,34.07
https://oilslickpad.com/collections/ashtrays,0,186,0%,26.7
https://oilslickpad.com/pages/sitemap,0,184,0%,7.45
https://oilslickpad.com/collections/nectar-collectors/flower,0,179,0%,54.49
https://oilslickpad.com/en-ca/collections/concentrate-jars/nectar-collector,0,177,0%,51.12
https://oilslickpad.com/blogs/news/smell-proof-cannabis-storage-guide-2025-best-picks#why-does-smell-proof-storage-matter-in-2025,0,173,0%,8.87
https://oilslickpad.com/products/refillable-ceramic-cartridge,0,170,0%,69.93
https://oilslickpad.com/account/login,0,167,0%,8.11
https://oilslickpad.com/en-au/blogs/news/best-parchment-paper-for-rosin,0,167,0%,41.36
https://oilslickpad.com/collections/parchment-papers/flower,0,165,0%,42.98
https://oilslickpad.com/en-ca/collections/all,0,164,0%,54.89
https://oilslickpad.com/collections/dabbing/dab-pads,0,158,0%,35.58
https://oilslickpad.com/blogs/news/reclaim-101-collect-clean-and-use,0,157,0%,3.92
https://oilslickpad.com/en-au/blogs/news/concentrate-storage-101-keep-dabs-fresh-longer,0,156,0%,2.94
https://oilslickpad.com/blogs/news/flavor-saving-terpene-tips-for-dabbers-2025-pro-guide,0,155,0%,5.75
https://oilslickpad.com/collections/ashtrays/dab-rig,0,151,0%,37.6
https://oilslickpad.com/blogs/news/2025-dab-torch-safety-pro-maintenance-guide-tips,0,149,0%,5.81
https://oilslickpad.com/blogs/news/smell-proof-cannabis-storage-guide-2025-best-picks#full-size-smell-proof-backpacks-and-duffels,0,146,0%,8.89
https://oilslickpad.com/collections/silicone-pipes/silicone-pipe,0,146,0%,66.75
https://oilslickpad.com/collections/concentrate-jars/jar,0,141,0%,39.04
https://oilslickpad.com/blogs/news/smell-proof-cannabis-storage-guide-2025-best-picks#everyday-carry-smell-proof-pouches,0,138,0%,8.96
https://oilslickpad.com/en-ca/collections/concentrate-jars/child-resistant,0,136,0%,38.01
https://oilslickpad.com/collections/silicone-water-pipes/non-cr,0,131,0%,43.47
https://oilslickpad.com/en-au/blogs/news/the-unseen-benefits-of-silicone-pipes-over-glass-a-new-perspective,0,127,0%,1.22
https://oilslickpad.com/collections/medium-pipes-and-rigs/dab-rig,0,127,0%,23.89
https://oilslickpad.com/blogs/news/2025-dab-rig-perc-shapes-flavor-smoothness,0,125,0%,10.74
https://oilslickpad.com/collections/custom-packaging-options/dabbing,0,124,0%,50.23
https://oilslickpad.com/en-nl/products/1ml-glass-syringe,0,123,0%,41.89
https://oilslickpad.com/blogs/news/smell-proof-cannabis-storage-guide-2025-best-picks#metal-smell-proof-containers,0,122,0%,9.41
https://oilslickpad.com/products/copy-of-oil-slick-t-shirt,0,121,0%,20.69
https://oilslickpad.com/blogs/news/how-to-clean-dab-tools-like-you-actually-give-a-damn,0,120,0%,6.51
https://oilslickpad.com/collections/parchment-papers?constraint,0,119,0%,11.4
https://oilslickpad.com/en-ca/blogs/news/maximising-your-extracts-the-magic-of-6ml-glass-jars,0,119,0%,34.5
https://oilslickpad.com/products/elephunk-water-pipe,0,118,0%,53
https://oilslickpad.com/en-ca/blogs/news/quartz-banger-care-stop-chazzing-boost,0,115,0%,3.89
https://oilslickpad.com/en-nl/blogs/news/unleashing-your-personality-cute-bongs-adorable-pipes-and-more-in-the-cannabis-accessories-world,0,114,0%,64.32
https://oilslickpad.com/blogs/news/revolutionize-cannabis-extraction-and-storage-with-slick-sheets,0,113,0%,20.28
https://oilslickpad.com/blogs/news/silicone-vs-glass-smarter-choices-for-dab,0,112,0%,4.96
https://oilslickpad.com/blogs/news/2025-dab-travel-kits-rigs,0,112,0%,13.08
https://oilslickpad.com/products/baby-yoyo-water-pipe,0,111,0%,14.22
https://oilslickpad.com/collections/non-stick-containers/non-cr,0,110,0%,19.2
https://oilslickpad.com/a/s/products/w3-electric-nectar-collector,0,109,0%,63.91
https://oilslickpad.com/products/bear-hand-pipe,0,107,0%,32.54
https://oilslickpad.com/blogs/news/2025-dab-tool-safety-burn-prevention-tips-for-dabbers,0,106,0%,4.94
https://oilslickpad.com/en-au/blogs/news/how-to-clean-dab-tools-right-pro-tips-for-2024-now,0,105,0%,2.37
https://oilslickpad.com/blogs/news/why-you-need-an-oil-slick-silicone-dab-mat,0,102,0%,32.6
https://oilslickpad.com/en-au/blogs/news/e-nail-vs-torch-dabbing-guide-for-2025,0,99,0%,5.28
https://oilslickpad.com/blogs/news/smell-proof-cannabis-storage-guide-2025-best-picks#how-does-smell-proof-storage-fit-into-a-modern-dabbing-guide,0,99,0%,9.18
https://oilslickpad.com/collections/silicone-smoking-devices/geobong,0,98,0%,14.88
https://oilslickpad.com/blogs/news/the-ultimate-guide-to-silicone-cannabis-accessories-durability-meets-design,0,92,0%,17.42
https://oilslickpad.com/en-au/collections/all/products/18oz-child-resistant-glass-jars-with-black-caps-28-grams-1-ounce-capacity-airtight-and-durable-24-pack-the-ultimate-storage-solution-for-cannabis-flower-food-and-crafts,0,92,0%,49.38
https://oilslickpad.com/blogs/news/2025-travel-cases-smell-proof-dab-storage,0,90,0%,16.09
https://oilslickpad.com/en-au/blogs/news/titanium-vs-quartz-vs-ceramic-dab-tool-heat-guide,0,89,0%,6.07
https://oilslickpad.com/collections/silicone-ashtrays/dab-rig,0,88,0%,50.24
https://oilslickpad.com/blogs/news/smell-proof-cannabis-storage-guide-2025-best-picks#step-2-use-inner-smell-proof-layers,0,87,0%,9.39
https://oilslickpad.com/en-ca/blogs/news/beginner-dabbing-guide-start-smart-not,0,87,0%,28.47
https://oilslickpad.com/blogs/news/carb-cap-guide-boost-flavor-save,0,85,0%,8.89
https://oilslickpad.com/collections/extraction-materials-packaging/products/slick-pad,0,84,0%,6.2
https://oilslickpad.com/collections/silicone-pipes/non-cr,0,84,0%,67.96
https://oilslickpad.com/collections/silicone-pipes?page=12,0,83,0%,50.89
https://oilslickpad.com/collections/non-stick-containers?constraint,0,81,0%,18.28
https://oilslickpad.com/products/5-sledge-water-pipe-assorted-h362,0,80,0%,5.09
https://oilslickpad.com/en-nl/collections/concentrate-jars/child-resistant,0,78,0%,39.73
https://oilslickpad.com/blogs/news/to-infinity-and-beyond-with-these-uv-resistant-black-glass-5-ml-jars-on-sale-now,0,77,0%,18.77
https://oilslickpad.com/en-au/collections/concentrate-jars/glass,0,76,0%,49.79
https://oilslickpad.com/blogs/news/silicone-vs-glass-dab-gear-what-actually-wins,0,75,0%,3.69
https://oilslickpad.com/en-au/blogs/news/the-ultimate-guide-to-the-w3-electric-nectar-collector-the-portable-way-to-enjoy-dabs,0,74,0%,72.24
https://oilslickpad.com/en-au/blogs/news/cleaning-dab-tools-a-real-world-guide-for,0,73,0%,3.42
https://oilslickpad.com/blogs/news/smell-proof-cannabis-storage-guide-2025-best-picks#airtight-glass-jars,0,73,0%,8.58
https://oilslickpad.com/collections/non-stick-paper-and-ptfe/fep,0,73,0%,65.73
https://oilslickpad.com/collections/silicone-pipes/dab-pads,0,72,0%,17.93
https://oilslickpad.com/collections/joint-tubes/child-resistant,0,71,0%,67.38
https://oilslickpad.com/collections/custom-packaging-options/hybrid,0,70,0%,77.91
https://oilslickpad.com/blogs/news/unlocking-the-secrets-of-packaging-for-magic-mushrooms-exploring-3oz-glass-jars-to-5oz-child-resistant-jars,0,67,0%,37.6
https://oilslickpad.com/en-au/blogs/news/the-ultimate-guide-to-710-gifts-from-oil-slick-slabs-to-silicone-dab-rigs-for-the-dabbing-connoisseur,0,67,0%,46.36
https://oilslickpad.com/collections/glass-bongs-and-water-pipes,0,66,0%,7.21
https://oilslickpad.com/products/long-eared-monster-hand-pipe,0,66,0%,8.73
https://oilslickpad.com/en-ca/blogs/news/2025-dab-tool-ergonomics-safety-guide-for-daily-use,0,65,0%,4.71
https://oilslickpad.com/products/slick-stack-clear-bulk-bag,0,65,0%,10.2
https://oilslickpad.com/collections/dabbing/bong,0,65,0%,16.83
https://oilslickpad.com/en-nl/collections/quartz-bangers/nectar-collector,0,65,0%,21.74
https://oilslickpad.com/en-nl/blogs/news/fungus-among-us-exploring-mushroom-bongs-mushroom-pipes-and-shroom-spoon-hand-pipes-in-the-cannabis-industry,0,65,0%,39.65
https://oilslickpad.com/blogs/news/silicone-vs-glass-dab-pads-and-tools-showdown,0,64,0%,3.2
https://oilslickpad.com/collections/silicone-water-pipes/cute,0,64,0%,48.09
https://oilslickpad.com/en-ca/blogs/news/2025-dab-nail-banger-guide-quartz-vs-titanium-picks,0,63,0%,5.35
https://oilslickpad.com/collections/storage-packaging/wholesale,0,63,0%,57
https://oilslickpad.com/en-ca/collections/silicone-pipes/flower,0,63,0%,58.63
https://oilslickpad.com/en-ca/blogs/news/how-to-clean-dab-tools-a-no-nonsense-guide,0,62,0%,1.89
https://oilslickpad.com/blogs/news/concentrate-storage-solutions-why-7ml-glass-jars-are-the-perfect-choice,0,62,0%,10.94
https://oilslickpad.com/collections/custom-packaging-options/dab-pads,0,62,0%,20.48
https://oilslickpad.com/collections/nectar-collectors/bong,0,62,0%,40.24
https://oilslickpad.com/blogs/news/oil-slick-holiday-sale-22,0,61,0%,19.23
https://oilslickpad.com/collections/custom-packaging-options/dab-rig,0,61,0%,59.97
https://oilslickpad.com/en-au/blogs/news/how-to-clean-dab-tools-like-a-pro-in-2026-guide,0,60,0%,3.88
https://oilslickpad.com/blogs/news/tagged/slick-sheet,0,60,0%,36.4
https://oilslickpad.com/blogs/news/best-2025-smell-proof-portable-dab-rig-travel-cases#can-you-really-fly-with-a-dab-rig-case-as-carry-on,0,59,0%,7.17
https://oilslickpad.com/blogs/news/best-2025-smell-proof-portable-dab-rig-travel-cases#core-features-that-actually-matter,0,59,0%,7.17
https://oilslickpad.com/blogs/news/best-2025-smell-proof-portable-dab-rig-travel-cases#foam-vs-padded-dividers-vs-loose-pouches,0,59,0%,7.17
https://oilslickpad.com/blogs/news/best-2025-smell-proof-portable-dab-rig-travel-cases#practical-flying-tips,0,59,0%,7.17
https://oilslickpad.com/blogs/news/best-2025-smell-proof-portable-dab-rig-travel-cases#what-kind-of-pad-travels-best,0,59,0%,7.17
https://oilslickpad.com/blogs/news/best-2025-smell-proof-portable-dab-rig-travel-cases#what-travel-setup-do-i-actually-use-and-recommend,0,59,0%,7.17
https://oilslickpad.com/collections/silicone-smoking-devices/bong,0,58,0%,34.91
https://oilslickpad.com/collections/silicone-water-pipes/banger,0,58,0%,36.66
https://oilslickpad.com/collections/rosin-extraction/non-cr,0,57,0%,9.26
https://oilslickpad.com/blogs/news/the-ultimate-guide-to-a-clean-dab-area-embracing-medical-grade-silicone-storage-solutions,0,57,0%,9.61
https://oilslickpad.com/collections/parchment-papers/banger,0,57,0%,28.4
https://oilslickpad.com/collections/storage-packaging/products/slickr-stack,0,56,0%,8
https://oilslickpad.com/en-ca/collections/quartz-bangers/nectar-collector,0,56,0%,30.82
https://oilslickpad.com/collections/custom,0,55,0%,6.27
https://oilslickpad.com/blogs/news/the-fantastic-voyage-into-dabbing-the-game-changing-role-of-silicone-dab-rigs-cannabis-extract-jars-and-silicone-pads,0,54,0%,30.09
https://oilslickpad.com/collections/parchment-papers/bong,0,54,0%,41.31
https://oilslickpad.com/collections/silicone-pipes/spoon,0,53,0%,72.43
https://oilslickpad.com/blogs/news/beginner-s-guide-to-dabbing-2025,0,52,0%,5.48
https://oilslickpad.com/en-ca/collections/google-collection/products/astronaut-hand-pipe,0,52,0%,28.79
https://oilslickpad.com/collections/silicone-water-pipes/9ml,0,52,0%,34.48
https://oilslickpad.com/collections/mylar-bags-1/dab-pads,0,51,0%,56.61
https://oilslickpad.com/collections/silicone-smoking-devices/geo-bong,0,50,0%,35.54
https://oilslickpad.com/collections/small-pipes-rigs/nectar-collector,0,50,0%,60.02
https://oilslickpad.com/collections/large-pipes-and-rigs/dab-rig,0,50,0%,70.58
https://oilslickpad.com/en-au/blogs/news/from-bong-to-dab-rig-your-2025-dabbing-guide,0,49,0%,6.59
https://oilslickpad.com/blogs/news/precision-dab-dosing-scales-scoops-micro,0,48,0%,5.44
https://oilslickpad.com/blogs/news/securing-your-magic-mushrooms-why-oil-slicks-3oz-and-5oz-glass-jars-are-a-game-changer,0,48,0%,21.54
https://oilslickpad.com/collections/spooky-haloween-sale,0,48,0%,54.46
https://oilslickpad.com/en-au/collections/large-pipes-and-rigs/dab-rig,0,48,0%,67.56
https://oilslickpad.com/blogs/news/2025-dab-tool-guide-titanium-quartz,0,47,0%,4.38
https://oilslickpad.com/collections/all/silicone-pipe,0,47,0%,58.38
https://oilslickpad.com/en-au/blogs/news/quartz-banger-and-essential-accessories-mastering-the-art-of-dabbing,0,47,0%,67.49
https://oilslickpad.com/en-au/blogs/news/all-about-oil-slick-paper,0,46,0%,15.15
https://oilslickpad.com/en-ca/collections/concentrate-jars/storage-and-packaging,0,46,0%,31.2
https://oilslickpad.com/collections/small-pipes-rigs/silicone,0,46,0%,32.83
https://oilslickpad.com/en-au/blogs/news/electric-vs-traditional-dab-rigs-2025-pro-breakdown,0,45,0%,4.16
https://oilslickpad.com/collections/google-collection/products/pineapple-dab-rig,0,45,0%,18.96
https://oilslickpad.com/blogs/news/the-unseen-benefits-of-silicone-pipes-over-glass-a-new-perspective,0,45,0%,41.53
https://oilslickpad.com/en-ca/collections/large-pipes-and-rigs/dab-rig,0,45,0%,61.93
https://oilslickpad.com/collections/silicone-smoking-devices/silicone,0,44,0%,8.45
https://oilslickpad.com/blogs/news/microscope-level-dab-tech-texture-tools,0,43,0%,8.63
https://oilslickpad.com/en-au/blogs/news/best-silicone-bongs-buyer-s-guide,0,43,0%,24.63
https://oilslickpad.com/en-ca/collections/google-ads-approved/dab-pads,0,42,0%,4.02
https://oilslickpad.com/blogs/news/smell-proof-cannabis-storage-guide-2025-best-picks#my-real-world-dab-station-layout,0,42,0%,9.1
https://oilslickpad.com/en-nl/products/mylar-bags-for-storage,0,42,0%,57.07
https://oilslickpad.com/blogs/news/the-evolution-of-cannabis-packaging-from-flower-jars-to-child-resistant-solutions,0,42,0%,68.17
https://oilslickpad.com/blogs/news/terp-pearls-and-dab-inserts-101-for-2026,0,41,0%,5.02
https://oilslickpad.com/en-ca/collections/concentrate-jars/jar,0,41,0%,22.54
https://oilslickpad.com/blogs/news/why-silicone-pipes-bongs-and-dab-rigs-are-so-popular,0,40,0%,39.58
https://oilslickpad.com/collections/concentrate-jars?constraint,0,40,0%,78.6
https://oilslickpad.com/en-au/blogs/news/2025-electric-dab-rig-water-coil-care-tips-guide,0,39,0%,3.28
https://oilslickpad.com/collections/parchment-papers/ashtray,0,39,0%,29.41
https://oilslickpad.com/collections/top-selling-silicone-rigs/hybrid,0,39,0%,54.1
https://oilslickpad.com/collections/google-collection/products/slickr-stack,0,38,0%,7.84
https://oilslickpad.com/blogs/news/smell-proof-cannabis-storage-guide-2025-best-picks#silicone-containers-and-mats,0,38,0%,9.84
https://oilslickpad.com/blogs/news/mastering-the-art-of-culinary-excellence-with-oil-slick-wrap,0,38,0%,16.53
https://oilslickpad.com/en-ca/collections/rosin-extraction/non-cr,0,38,0%,33.13
https://oilslickpad.com/collections/cute-silicone-rigs/banger,0,38,0%,47.55
https://oilslickpad.com/en-ca/collections/custom-packaging-options/dab-rig,0,38,0%,56.92
https://oilslickpad.com/en-au/blogs/news/glass-jars-in-cannabis-packaging-elevating-presentation-preservation,0,38,0%,74.76
https://oilslickpad.com/en-ca/blogs/news/ultimate-break-proof-travel-dab-kit-guide-2025,0,37,0%,7.92
https://oilslickpad.com/blogs/news/cold-start-dabbing-accessories-guide-2025#rough-temp-zones-for-cold-start,0,37,0%,10.08
https://oilslickpad.com/blogs/news/cold-start-dabbing-accessories-guide-2025#what-makes-a-good-cold-start-banger,0,37,0%,10.08
https://oilslickpad.com/blogs/news/you-won-t-believe-how-these-weed-companies-are-breaking-the-law-and-getting-away-with-it,0,37,0%,19.7
https://oilslickpad.com/collections/silicone-smoking-devices/child-resistant,0,37,0%,49.51
https://oilslickpad.com/collections/mylar-bags-1/hybrid,0,36,0%,20.36
https://oilslickpad.com/a/s/collections/joint-tubes,0,36,0%,61.06
https://oilslickpad.com/blogs/news/concentrate-consistency-guide-2025-tools-rigs-pro-picks,0,35,0%,6.69
https://oilslickpad.com/blogs/news/torch-buying-and-safety-guide-for-dabbing-2026-travel-tips,0,35,0%,8.89
https://oilslickpad.com/collections/non-stick-containers/child-resistant,0,35,0%,24.46
https://oilslickpad.com/collections/dabbers-collection,0,34,0%,25.68
https://oilslickpad.com/collections/storage-packaging/products/slick-ball-mini,0,33,0%,5.64
https://oilslickpad.com/en-au/products/kraft-kitchen-sheet-ptfe-rolls,0,33,0%,6.06
https://oilslickpad.com/collections/glass-jars-extract-packaging/7ml,0,33,0%,6.94
https://oilslickpad.com/en-au/blogs/news/smart-concentrate-storage-guide-for-daily-dabbers-now,0,33,0%,7.73
https://oilslickpad.com/blogs/news/cold-start-dabbing-accessories-guide-2025#good-rig-styles-for-cold-start,0,33,0%,10
https://oilslickpad.com/blogs/news/cold-start-dabbing-accessories-guide-2025#what-to-look-for-in-a-cold-start-rig,0,33,0%,10
https://oilslickpad.com/blogs/news/cold-start-dabbing-accessories-guide-2025#why-cold-start-works-so-well,0,33,0%,10
https://oilslickpad.com/blogs/news/cold-start-dabbing-accessories-guide-2025#why-inserts-are-clutch-for-cold-start,0,33,0%,10
https://oilslickpad.com/en-ca/collections/silicone-pipes/accessories,0,33,0%,44.3
https://oilslickpad.com/collections/glass-jars/child-resistant,0,32,0%,33.56
https://oilslickpad.com/collections/all/dab-pads,0,31,0%,5.29
https://oilslickpad.com/blogs/news/new-study-cbd-thc-combination-controls-blood-sugar,0,31,0%,20.42
https://oilslickpad.com/collections/silicone-smoking-devices/banger,0,31,0%,39.1
https://oilslickpad.com/collections/custom-packaging-options/storage-and-packaging,0,31,0%,71.71
https://oilslickpad.com/en-ca/blogs/news/2025-dab-torch-buying-guide-flame,0,30,0%,16.9
https://oilslickpad.com/en-au/blogs/news/discover-the-ultimate-silicone-bong-experience-with-oil-slicks-exceptional-range,0,30,0%,29.27
https://oilslickpad.com/collections/mylar-bags-1/silicone,0,29,0%,7.28
https://oilslickpad.com/blogs/news/why-silicone-smoking-devices-are-the-future-unbreakable-convenient-and-stylish-a-comprehensive-guide,0,29,0%,11.38
https://oilslickpad.com/products/oil-slick-throwback-grab-bag,0,29,0%,12.9
https://oilslickpad.com/en-au/blogs/news/why-silicone-pipes-might-be-better-than-glass,0,29,0%,76.55
https://oilslickpad.com/blogs/news/ultimate-dab-station-setup-guide-for-2025,0,28,0%,6.93
https://oilslickpad.com/collections/parchment-papers/nectar-collector,0,28,0%,10.75
https://oilslickpad.com/en-ca/collections/silicone-pipes/dab-rig,0,28,0%,25.14
https://oilslickpad.com/collections/mylar-bags-1/child-resistant,0,28,0%,51.46
https://oilslickpad.com/en-ca/search,0,28,0%,64.64
https://oilslickpad.com/collections/silicone-smoking-devices/smoke,0,28,0%,68.11
https://oilslickpad.com/collections/silicone-pipes/silicone-pipe?page=2,0,28,0%,70.71
https://oilslickpad.com/en-ca/blogs/news/silicone-vs-glass-dab-gear-tools-and-pads-guide,0,27,0%,3.11
https://oilslickpad.com/blogs/news/how-to-clean-dab-tools-for-fresher-2025-sessions-today,0,27,0%,5.52
https://oilslickpad.com/collections/glass-jars-extract-packaging/jar,0,27,0%,9.52
https://oilslickpad.com/collections/concentrate-jars/6ml,0,27,0%,34.3
https://oilslickpad.com/blogs/news/bong-blog,0,27,0%,38.41
https://oilslickpad.com/collections/concentrate-jars/nectar-collector,0,27,0%,43.15
https://oilslickpad.com/en-au/blogs/news/discover-the-ideal-cannabis-storage-oil-slick-s-3-oz-and-5-oz-jars,0,27,0%,52.11
https://oilslickpad.com/blogs/news/from-small-rigs-to-dabs-bongs-exploring-the-best-in-cannabis-accessories,0,27,0%,56.33
https://oilslickpad.com/en-ca/collections/google-ads-approved/products/clearance,0,26,0%,11.77
https://oilslickpad.com/collections/silicone-smoking-devices?constraint,0,26,0%,21.15
https://oilslickpad.com/collections/rosin-extraction/dab-rig,0,26,0%,31.38
https://oilslickpad.com/blogs/news/build-the-ultimate-travel-dab-kit-for-2025-trips,0,25,0%,12.2
https://oilslickpad.com/blogs/news/unearthing-the-power-of-green-cannabis-as-a-potential-panacea-for-generalized-anxiety-disorder,0,25,0%,41.8
https://oilslickpad.com/collections/silicone-smoking-devices/ashtray,0,25,0%,59.92
https://oilslickpad.com/blogs/news/cold-start-dabbing-guide-smooth-hits-no-burnt,0,24,0%,3.83
https://oilslickpad.com/blogs/news/the-ultimate-concentrate-solution-introducing-oil-slick-pads-the-original-medical-grade-silicone-pad,0,24,0%,6.79
https://oilslickpad.com/blogs/news/tagged/dab-pads,0,24,0%,8.38
https://oilslickpad.com/en-au/collections/silicone-pipes/accessories,0,24,0%,10.46
https://oilslickpad.com/blogs/news/secrets-to-prolonging-the-aroma-and-flavor-of-your-cannabis,0,24,0%,14.71
https://oilslickpad.com/collections/silicone-water-pipes/animal,0,24,0%,19.92
https://oilslickpad.com/blogs/news/embrace-the-pre-roll-revolution-a-closer-look-at-cannabis-consumption-trends-and-a-special-offer-from-oil-slick,0,24,0%,26.21
https://oilslickpad.com/collections/extraction-materials-packaging/bho,0,24,0%,36.62
https://oilslickpad.com/collections/mylar-bags-1?constraint,0,24,0%,71.21
https://oilslickpad.com/blogs/news/why-oil-slick-is-your-preferred-cryptocurrency-shopping-destination,0,23,0%,8.61
https://oilslickpad.com/en-au/blogs/news/beginner-dab-rig-setup-torch-to-first-perfect,0,22,0%,3.45
https://oilslickpad.com/collections/extraction-packaging,0,22,0%,6.82
https://oilslickpad.com/products/sid-the-sloth-pipe,0,22,0%,17.64
https://oilslickpad.com/collections/bulk-ptfe-fep/silicone,0,22,0%,22.27
https://oilslickpad.com/collections/quartz-bangers/bubbler,0,22,0%,38.32
https://oilslickpad.com/collections/silicone-pipes/rolling-tray,0,22,0%,57.55
https://oilslickpad.com/blogs/news/titanium-vs-quartz-vs-ceramic-dab-nails-2025#titanium-fast-and-hot,0,21,0%,5.9
https://oilslickpad.com/blogs/news/titanium-vs-quartz-vs-ceramic-dab-nails-2025#what-s-the-real-difference-between-titanium-quartz-and-ceramic,0,21,0%,5.9
https://oilslickpad.com/collections/mylar-bags-1/non-cr,0,21,0%,47.19
https://oilslickpad.com/en-au/blogs/news/unleashing-the-power-of-the-hammer-pipe-the-ultimate-silicone-bubbler-for-both-dabbing-and-smoking,0,20,0%,8.4
https://oilslickpad.com/collections/google-ads-approved/products/slick-ball-mini,0,20,0%,9.2
https://oilslickpad.com/collections/ashtrays/smoking,0,20,0%,10.2
https://oilslickpad.com/en-ca/collections/rosin-extraction/extraction,0,20,0%,10.25
https://oilslickpad.com/collections/rosin-extraction/nectar-collector,0,20,0%,11.85
https://oilslickpad.com/collections/mylar-bags/hybrid,0,20,0%,12.8
https://oilslickpad.com/collections/silicone-smoking-devices/glass,0,20,0%,21.4
https://oilslickpad.com/blogs/news/what-its-like-to-be-a-silicone-pipe-and-bong-ambassador-for-oil-slick,0,20,0%,24.05
https://oilslickpad.com/en-au/blogs/news/savor-the-purity-with-oil-slick-s-glass-dab-jars,0,20,0%,43.1
https://oilslickpad.com/a/s/collections/mylar-bags-1,0,20,0%,69.1
https://oilslickpad.com/en-ca/collections/silicone-smoking-devices/silicone,0,20,0%,71.45
https://oilslickpad.com/en-nl/blogs/news/unlock-free-shipping-nationwide-on-cannabis-packaging-and-silicone-bongs,0,19,0%,4.26
https://oilslickpad.com/blogs/news/breaking-news-these-states-are-one-step-closer-to-legalizing-marijuana-in-2023,0,19,0%,5.26
https://oilslickpad.com/a/s/products/slimer-water-pipe-1,0,19,0%,6.84
https://oilslickpad.com/collections/monark,0,19,0%,7.21
https://oilslickpad.com/collections/smoke-and-vape,0,19,0%,7.21
https://oilslickpad.com/a/s/collections/silicone-smoking-devices?page=7,0,19,0%,7.68
https://oilslickpad.com/en-au/blogs/news/2025-travel-cases-smell-proof-dab-storage,0,19,0%,16.53
https://oilslickpad.com/collections/silicone-pipes/child-resistant,0,19,0%,23.42
https://oilslickpad.com/collections/bulk-ptfe-fep/bho,0,19,0%,26.21
https://oilslickpad.com/en-au/collections/medium-pipes-and-rigs/silicone-pipe,0,19,0%,28.32
https://oilslickpad.com/en-au/blogs/news/cleaning-your-silicone-bong-a-step-by-step-guide-from-the-experts-at-oil-slick,0,19,0%,34.74
https://oilslickpad.com/collections/storage-packaging/silicone,0,19,0%,42.89
https://oilslickpad.com/collections/extract-packaging-jars-and-nonstick/glass,0,19,0%,75.95
https://oilslickpad.com/en-ca/blogs/news/2025-dab-tool-buyer-s-guide-shapes,0,18,0%,5.44
https://oilslickpad.com/en-au/blogs/news/why-you-need-an-oil-slick-silicone-dab-mat,0,18,0%,8.56
https://oilslickpad.com/collections/all/fep,0,18,0%,11.89
https://oilslickpad.com/collections/accessories/products/oil-slickr-i-love-pin-gold-3d,0,18,0%,13.06
https://oilslickpad.com/a/s/collections/silicone-pipes?page=7,0,17,0%,16.24
https://oilslickpad.com/en-ca/blogs/news/best-silicone-bongs-buyer-s-guide,0,17,0%,20.29
https://oilslickpad.com/en-nl/products/slick-clear-fep,0,17,0%,35.29
https://oilslickpad.com/collections/glass-jars-extract-packaging/dab-rig,0,17,0%,41.82
https://oilslickpad.com/a/s/collections/dab-rigs-and-oil-rigs,0,17,0%,46.12
https://oilslickpad.com/collections/silicone-pipes/glass,0,17,0%,80.59
https://oilslickpad.com/en-ca/blogs/news/2025-dab-torch-safety-maintenance-guide-tricks-plus,0,16,0%,2.12
https://oilslickpad.com/collections/dabbing/storage-and-packaging,0,16,0%,4.81
https://oilslickpad.com/en-au/blogs/news/ultimate-dab-station-setup-guide-for-2025,0,16,0%,9
https://oilslickpad.com/blogs/news/the-future-of-dabbing-rigs,0,16,0%,9.25
https://oilslickpad.com/blogs/news/2025-dab-mat-care-non-stick,0,16,0%,10.06
https://oilslickpad.com/blogs/news/discover-the-exciting-world-of-dabbing-a-guide-to-quartz-bangers-silicone-bongs-and-more,0,16,0%,16.75
https://oilslickpad.com/collections/custom-packaging-options/silicone,0,16,0%,23.31
https://oilslickpad.com/en-au/blogs/news/revolutionize-cannabis-extraction-and-storage-with-slick-sheets,0,16,0%,23.5
https://oilslickpad.com/collections/bulk-ptfe-fep/rosin,0,16,0%,24.06
https://oilslickpad.com/blogs/news/unleashing-the-power-discover-the-ultimate-dabbing-experience-with-oil-slick-dab-pads,0,16,0%,33.56
https://oilslickpad.com/en-au/collections/silicone-smoking-devices/child-resistant,0,16,0%,64.69
https://oilslickpad.com/collections/google-ads-approved/nectar-collector,0,16,0%,93.38
https://oilslickpad.com/en-ca/blogs/news/2025-dab-torch-safety-pro-maintenance-guide-tips,0,15,0%,3.8
https://oilslickpad.com/blogs/news/how-to-choose-the-right-nail-for-your-rig,0,15,0%,5.33
https://oilslickpad.com/collections/extraction-packaging/silicone-pad,0,15,0%,6.53
https://oilslickpad.com/blogs/news/titanium-vs-quartz-vs-ceramic-dab-nails-2025#quartz-tough-glass-but-still-glass,0,15,0%,6.73
https://oilslickpad.com/en-au/blogs/news/carb-caps-explained-better-flavor-vapor,0,15,0%,8.8
https://oilslickpad.com/products/custom-oil-slickrduo,0,15,0%,9.33
https://oilslickpad.com/en-au/collections/google-collection/products/slick-ball-factory-2nds,0,15,0%,9.67
https://oilslickpad.com/en-ca/blogs/news/unveiling-the-benefits-of-oil-slick-wrap,0,15,0%,14.4
https://oilslickpad.com/collections/one-hitter-and-chillums-collection,0,15,0%,23.4
https://oilslickpad.com/collections/bulk-ptfe-fep/flower,0,15,0%,27.87
https://oilslickpad.com/collections/accessories-for-extractors,0,15,0%,45.07
https://oilslickpad.com/blogs/news/unlock-the-secret-to-ultimate-cannabis-preservation-embrace-oil-slicks-pioneering-smell-proof-mylar-bags,0,15,0%,47.47
https://oilslickpad.com/en-nl/collections/gifts?constraint=concentrates,0,15,0%,51.6
https://oilslickpad.com/collections/clearance/products/6-5-clear-stacked-ring-rig,0,15,0%,57.67
https://oilslickpad.com/a/s/products/copy-of-copy-of-copy-of-silicone-straight-tube-11,0,15,0%,60.87
https://oilslickpad.com/blogs/news/storing-in-style-why-3oz-jars-are-perfect-for-cannabis-flowers,0,15,0%,65.33
https://oilslickpad.com/en-ca/blogs/news/dial-in-dab-temperature-low-temp-to-hot-hits,0,14,0%,1.29
https://oilslickpad.com/blogs/news/dab-tools-101-titanium-vs-steel-vs,0,14,0%,2.71
https://oilslickpad.com/collections/all/dab-rig,0,14,0%,3
https://oilslickpad.com/blogs/news/carb-caps-101-bubble-directional,0,14,0%,5.57
https://oilslickpad.com/en-ca/blogs/news/childproof-your-dab-setup-a-real-world-guide,0,14,0%,6.36
https://oilslickpad.com/collections/clearance/products/8-vac-stack-quad-section-wigwag-hammer,0,14,0%,7.79
https://oilslickpad.com/blogs/news/desktop-vs-portable-e-rigs-practical-dabber-guide,0,14,0%,9.79
https://oilslickpad.com/collections/silicone-ashtrays/ashtray,0,14,0%,13.14
https://oilslickpad.com/collections/non-stick-containers/google,0,14,0%,13.21
https://oilslickpad.com/en-au/blogs/news/beginner-dabbing-guide-start-smart-not,0,14,0%,13.5
https://oilslickpad.com/collections/medium-pipes-and-rigs/silicone,0,14,0%,15
https://oilslickpad.com/collections/extraction-supplies/dab-rig,0,14,0%,27.29
https://oilslickpad.com/en-ca/collections/dabbing/dabpad,0,14,0%,42.64
https://oilslickpad.com/collections/medium-pipes-and-rigs/bong,0,14,0%,45.71
https://oilslickpad.com/blogs/news/exposed-the-shocking-truth-behind-cannabis-jars-that-every-user-must-know,0,14,0%,49.93
https://oilslickpad.com/en-au/collections/extraction-materials-packaging,0,14,0%,52.71
https://oilslickpad.com/a/s/collections/heady-glass,0,14,0%,78.86
https://oilslickpad.com/en-nl/collections/silicone-pipes/products/crocodile-water-pipe,0,13,0%,4
https://oilslickpad.com/en-ca/collections/google-collection,0,13,0%,5.31
https://oilslickpad.com/blogs/news/titanium-vs-quartz-vs-ceramic-dab-nails-2025#ceramic-strong-until-it-shatters,0,13,0%,6.08
https://oilslickpad.com/en-au/collections/google-collection/products/slickr-stack,0,13,0%,6.15
https://oilslickpad.com/blogs/news/tagged/how-to,0,13,0%,8
https://oilslickpad.com/collections/google-collection/products/chun-li-silicone-hand-pipe,0,13,0%,8.15
https://oilslickpad.com/en-au/collections/parchment-papers/nectar-collector,0,13,0%,11
https://oilslickpad.com/collections/extract-packaging-jars-and-nonstick/products/slick-ball-factory-2nds,0,13,0%,13.46
https://oilslickpad.com/en-nl/blogs/news/embrace-the-pre-roll-revolution-a-closer-look-at-cannabis-consumption-trends-and-a-special-offer-from-oil-slick,0,13,0%,14.31
https://oilslickpad.com/collections/bulk-ptfe-fep/hybrid,0,13,0%,38.23
https://oilslickpad.com/en-au/blogs/news/2025-dab-mat-care-non-stick,0,12,0%,1
https://oilslickpad.com/en-ca/blogs/news/quartz-banger-shapes-thickness-explained,0,12,0%,1.92
https://oilslickpad.com/collections/all/custom,0,12,0%,4.92
https://oilslickpad.com/collections/all/jar,0,12,0%,6.75
https://oilslickpad.com/en-au/collections/dabbing/silicone,0,12,0%,8.08
https://oilslickpad.com/en-au/collections/custom/flower,0,12,0%,9.5
https://oilslickpad.com/collections/all/paper,0,12,0%,10
https://oilslickpad.com/products/oil-slick-gift-card,0,12,0%,15.08
https://oilslickpad.com/en-au/blogs/news/unboxing-oil-slick-s-small-dab-rigs-a-detailed-review-of-mini-bubs-silicone-sriracha-rig-swiss-army-pipe-and-the-skull-chalice,0,12,0%,23.67
https://oilslickpad.com/collections/silicone-pipes/products/slick-ball-factory-2nds,0,12,0%,24.08
https://oilslickpad.com/collections/all/bong,0,12,0%,34.33
https://oilslickpad.com/products/child-resistant-opaque-tubes-with-hinged-lid-116mm-capacity-fits-109mm-cones-1-3g-size-airtight-discreet-storage-100-pack,0,12,0%,46
https://oilslickpad.com/collections/large-pipes-and-rigs/beaker,0,12,0%,57.92
https://oilslickpad.com/collections/smoke-shop-products/wholesale,0,12,0%,85.58
https://oilslickpad.com/en-nl/blogs/news/the-swiss-army-bong-by-oil-slick-the-all-in-one-smoking-solution,0,11,0%,4.73
https://oilslickpad.com/en-ca/blogs/news/silicone-vs-glass-dab-pads-and-tools-showdown,0,11,0%,5.45
https://oilslickpad.com/collections/grinders-collection,0,11,0%,5.82
https://oilslickpad.com/collections/extract-packaging-jars-and-nonstick/products/oil-slick-throwback-grab-bag,0,11,0%,5.91
https://oilslickpad.com/collections/storage-packaging/products/slick-ball-factory-2nds,0,11,0%,6.64
https://oilslickpad.com/blogs/news/titanium-vs-quartz-vs-ceramic-dab-nails-2025#quartz-flavor-king-in-2025,0,11,0%,6.91
https://oilslickpad.com/blogs/news/rig-ergonomics-for-longer-comfier-dab-sessions-2025,0,11,0%,7
https://oilslickpad.com/collections/cookies,0,11,0%,7.82
https://oilslickpad.com/collections/extraction-supplies/spoon,0,11,0%,13.09
https://oilslickpad.com/collections/medium-pipes-and-rigs/silicone-pipe,0,11,0%,16.82
https://oilslickpad.com/collections/rosin-extraction?constraint,0,11,0%,17.73
https://oilslickpad.com/cdn/shop/articles/best-silicone-bongs-buyers-guide-599813_1600x.jpg?v=1667948786,0,11,0%,22.27
https://oilslickpad.com/en-ca/blogs/news/discover-the-benefits-of-a-7ml-glass-jar-for-cannabis-storage,0,11,0%,26.55
https://oilslickpad.com/en-nl/products/slick-clear-fep-sheets,0,11,0%,27.91
https://oilslickpad.com/en-ca/collections/silicone-glass-hybrid-rigs-and-bubblers/nectar-collector,0,11,0%,41.91
https://oilslickpad.com/collections/nectar-collectors/hybrid,0,11,0%,46.91
https://oilslickpad.com/en-au/blogs/news/to-infinity-and-beyond-with-these-uv-resistant-black-glass-5-ml-jars-on-sale-now,0,11,0%,77.64
https://oilslickpad.com/en-ca/collections/all?page=2,0,11,0%,85.73
https://oilslickpad.com/en-nl/products/oil-slickr-paper-for-rosin-and-storage,0,10,0%,2.4
https://oilslickpad.com/blogs/news/tagged/getting-started,0,10,0%,4.7
https://oilslickpad.com/collections/flower-bowls-collection,0,10,0%,5.8
https://oilslickpad.com/collections/custom-packaging-options/silicone-pad,0,10,0%,5.9
https://oilslickpad.com/collections/non-stick-paper-and-ptfe/bulk,0,10,0%,6.2
https://oilslickpad.com/collections/rosin-extraction/google,0,10,0%,6.6
https://oilslickpad.com/blogs/news/revolutionizing-small-scale-storage-the-comprehensive-guide-to-oil-slicks-7ml-jars,0,10,0%,7.6
https://oilslickpad.com/blogs/news/budget-dab-rigs-in-2026-that-don-t-compromise-quality,0,10,0%,7.8
https://oilslickpad.com/blogs/news?page=2,0,10,0%,21.3
https://oilslickpad.com/en-au/blogs/news/dab-organization-hacks-2025-zero-clutter-setup,0,10,0%,22.3
https://oilslickpad.com/en-ca/collections/silicone-pipes/banger,0,10,0%,23
https://oilslickpad.com/blogs/news/are-you-in-the-fold-the-must-have-tool-for-pressing-rosin,0,10,0%,31.6
https://oilslickpad.com/collections/silicone-pipes/products/pocket-pineapple?variant=12837588500579,0,10,0%,32
https://oilslickpad.com/en-ca/collections/google-collection/products/shaggy-monster-hand-pipe,0,10,0%,32.4
https://oilslickpad.com/collections/custom-packaging-options/wholesale,0,10,0%,33.9
https://oilslickpad.com/blogs/news/packaging-perfection-the-ultimate-guide-to-choosing-glass-jars-and-containers-for-cannabis-extracts,0,10,0%,35
https://oilslickpad.com/collections/glass-jars-extract-packaging/bong,0,10,0%,39.1
https://oilslickpad.com/en-au/blogs/news/how-to-make-cannabutter-a-simple-recipe-for-infusing-cannabis-into-your-cooking,0,10,0%,39.3
https://oilslickpad.com/a/s/products/elephant-spoon,0,10,0%,43.5
https://oilslickpad.com/a/s/products/25-14-m-90-assorted-etch-quartz-banger-9pc-display-box,0,10,0%,59
https://oilslickpad.com/collections/silicone-smoking-devices/smoking,0,10,0%,60.4
https://oilslickpad.com/a/s/products/octopus-spoon,0,10,0%,63.7
https://oilslickpad.com/collections/silicone-hand-pipes/material-silicone,0,10,0%,96.7
https://oilslickpad.com/en-au/blogs/news/how-to-clean-dab-tools-without-losing-your-mind,0,9,0%,1
https://oilslickpad.com/blogs/news/how-to-clean-dab-tools-for-better-dabs-in-2025-fast,0,9,0%,3.89
https://oilslickpad.com/en-ca/blogs/news/uv-resistant-dab-jar-perfect-companion-for-cannabis-lovers,0,9,0%,4.33
https://oilslickpad.com/collections/carb-caps-collection/products/orb-carb-cap-for-terp-slurp,0,9,0%,4.78
https://oilslickpad.com/blogs/news/2025-quartz-banger-buyer-s-guide-for-dabbers#how-does-this-2025-quartz-banger-dabbing-guide-help,0,9,0%,5
https://oilslickpad.com/blogs/news/2025-quartz-banger-buyer-s-guide-for-dabbers#what-really-makes-a-quartz-banger-good-in-2025,0,9,0%,5
https://oilslickpad.com/en-ca/collections/all/slick-sheet,0,9,0%,5.11
https://oilslickpad.com/a/s/products/copy-of-silicone-sriracha-rig,0,9,0%,5.22
https://oilslickpad.com/collections/accessories-for-extractors/products/5ml-screw-top-jar-with-black-lids,0,9,0%,5.22
https://oilslickpad.com/collections/google-collection/products/hexabong-silicone,0,9,0%,5.22
https://oilslickpad.com/collections/all/kitchen,0,9,0%,5.89
https://oilslickpad.com/en-au/blogs/news/build-one-modular-dab-tool-kit-for-every-rig,0,9,0%,6
https://oilslickpad.com/en-ca/collections/parchment-papers/products/oil-slickr-wrap-foil-backed-parchment-with-waterproof-membrane,0,9,0%,6.22
https://oilslickpad.com/blogs/news/titanium-vs-quartz-vs-ceramic-dab-nails-2025#titanium-not-trash-but-not-top-tier,0,9,0%,7.33
https://oilslickpad.com/blogs/news/terpene-preservation-keep-your-dabs-tasting,0,9,0%,7.78
https://oilslickpad.com/collections/medium-pipes-and-rigs,0,9,0%,8.33
https://oilslickpad.com/blogs/news/dial-in-dab-rig-airflow-percolators-joints,0,9,0%,9
https://oilslickpad.com/collections/google-collection/products/micro-stack-50-pack,0,9,0%,9.33
https://oilslickpad.com/en-ca/collections/torches/hybrid,0,9,0%,9.44
https://oilslickpad.com/collections/extraction-materials-packaging/products/slick-slab,0,9,0%,9.67
https://oilslickpad.com/blogs/news/smell-proof-cannabis-storage-guide-2025-best-picks#step-3-keep-tools-and-glass-under-control,0,9,0%,10.11
https://oilslickpad.com/collections/nectar-collectors/glass,0,9,0%,12.89
https://oilslickpad.com/blogs/news/tagged/dabbing,0,9,0%,14
https://oilslickpad.com/collections/silicone-water-pipes/nectar-collector,0,9,0%,16.89
https://oilslickpad.com/collections/custom/wholesale,0,9,0%,17.67
https://oilslickpad.com/en-au/collections/storage-packaging/paper,0,9,0%,18.67
https://oilslickpad.com/en-nl/collections/rosin-extraction/extraction,0,9,0%,20
https://oilslickpad.com/collections/silicone-smoking-devices/7ml,0,9,0%,21.67
https://oilslickpad.com/blogs/news/custom-branding-with-oil-slick,0,9,0%,22.78
https://oilslickpad.com/en-ca/collections/parchment-papers/ashtray,0,9,0%,43.67
https://oilslickpad.com/blogs/news/tagged/black,0,9,0%,45
https://oilslickpad.com/collections/silicone-ashtrays/spoon,0,9,0%,45.11
https://oilslickpad.com/blogs/news/surprising-statistics-42-of-american-adults-light-up-with-cannabis,0,9,0%,45.89
https://oilslickpad.com/collections/concentrate-jars/google,0,9,0%,49.11
https://oilslickpad.com/blogs/news/ultimate-stoners-holiday-gift-guide-exclusive-picks-from-oil-slick,0,9,0%,51.44
https://oilslickpad.com/en-au/collections/joint-tubes/flower,0,9,0%,53.44
https://oilslickpad.com/en-ca/collections/medium-pipes-and-rigs/bong,0,9,0%,53.89
https://oilslickpad.com/a/s/products/750-carb-cap-pack,0,9,0%,68.44
https://oilslickpad.com/collections/silicone-pipes?page=9,0,9,0%,84.67
https://oilslickpad.com/blogs/news/tagged/cypto,0,9,0%,106
https://oilslickpad.com/products/slick-pad/,0,8,0%,2.88
https://oilslickpad.com/en-au/blogs/news/smell-proof-travel-best-dab-rig-cases,0,8,0%,3.12
https://oilslickpad.com/a/s/collections/extraction-packaging?page=2,0,8,0%,5.88
https://oilslickpad.com/collections/google-collection/products/slick-ball-factory-2nds,0,8,0%,6
https://oilslickpad.com/collections/extraction-materials-packaging/products/slick-duo,0,8,0%,7.62
https://oilslickpad.com/a/s/products/terp-slurper,0,8,0%,7.88
https://oilslickpad.com/collections/parchment-papers/storage-and-packaging,0,8,0%,9.25
https://oilslickpad.com/collections/mylar-bags/silicone,0,8,0%,9.5
https://oilslickpad.com/collections/ashtrays/hybrid,0,8,0%,10
https://oilslickpad.com/collections/clearance,0,8,0%,10.75
https://oilslickpad.com/collections/novelty-character-pipes,0,8,0%,10.75
https://oilslickpad.com/en-au/blogs/news/elevate-your-cannabis-journey-discover-excellence-at-oil-slick,0,8,0%,14.12
https://oilslickpad.com/en-nl/products/oil-slickr-sheet-ptfe,0,8,0%,18.88
https://oilslickpad.com/blogs/news/unwrapping-the-perfect-fathers-day-with-oil-slick-delve-into-the-world-of-silicone-dab-rigs,0,8,0%,23.62
https://oilslickpad.com/collections/small-pipes-rigs/smoke,0,8,0%,30.25
https://oilslickpad.com/en-au/collections/bulk-ptfe-fep/silicone,0,8,0%,33.5
https://oilslickpad.com/en-nl/blogs/news/preserving-purity-a-guide-to-cannabis-packaging-in-glass-jars,0,8,0%,35.38
https://oilslickpad.com/en-nl/products/7ml-screw-top-jars-with-black-lids,0,8,0%,37.75
https://oilslickpad.com/en-au/blogs/news/revolutionize-your-cannabis-storage-with-these-smell-proof-mylar-bags-from-oil-slick-keep-your-stash-fresh-and-secure,0,8,0%,38.12
https://oilslickpad.com/blogs/news/tagged/infinity-jar,0,8,0%,39
https://oilslickpad.com/collections/glass-pipes/bong,0,8,0%,60.25
https://oilslickpad.com/en-nl/collections/silicone-smoking-devices/large,0,8,0%,63.12
https://oilslickpad.com/en-au/products/oil-slickr-i-love-pin-gold-3d,0,8,0%,79.12
https://oilslickpad.com/blogs/news/we-accept-cryptocurrency,0,8,0%,113.38
https://oilslickpad.com/collections/accessories-for-extractors/products/slick-clear-fep-sheets,0,7,0%,3.86
https://oilslickpad.com/en-ca/collections/rosin-extraction/bho,0,7,0%,4
https://oilslickpad.com/collections/clearance/products/micro-stack-50-pack,0,7,0%,6